Date,Content,URL,Thread
"Jun-22-2023, 03:36:08","saori's birthday edition!  previous thread hit both limits:  free online generators: https://waifus.nemusona.com https://app.prodia.com/#/art-ai https://stablediffusionweb.com/deepfloyd-if#demo https://huggingface.co/spaces/camenduru/webui https://stablediffusion.fr/webui nemu uses danbooru (or maybe just booru in general) images as reference, so use https://danbooru.donmai.us/ tags as prompts for the best results. pixelisation: https://huggingface.co/spaces/nocrypt/pixelization cancer: https://ai-meme.com for a waifu chatbot there is: https://beta.character.ai/ it has plenty of existing characters. free account allows to make your own chatting companion. emmm ai booru because why not: https://aibooru.online/ local install nvidia gpu: https://rentry.org/voldy | https://github.com/abdbarho/stable-diffusion-webui-docker cpu: https://rentry.org/cputard negatives list: https://rentry.org/schizonegative  you can get free daily python vm uptime in google colabs with about 12 gb of ram on their servers with stable diffusion models too, enough for small hd images like 768x768 to 1024x1024 https://www.youtube.com/watch?v=ywjthwbkcj8 [embed] you just have to download a preset model of that troon above here https://github.com/nolanaatama/sd-1click-colab or do it yourself and upload it on google colabs while being logged on with a google account of course and then after the script as been installed in the vm cloud thingy you have to click the gradio live to open up the stable diffusion webui.  disclaimer: all waifus have been created by our lord in heaven and by his grace bound to their husbands through the sacrament of marriage until death divides us and lets us join him in heaven for all eternity.",http://boards.4chan.org/bant/thread/17918614/bant-ai-waifus-general-121#p17918614,_bant__AI_Waifus_General__121
"Jun-22-2023, 03:37:47",a-a-a new yolking general??!! o m g i'm g-gonna s-s-stiiiiiirb!!!! my tiny white clitty is s-stirbing!!!! uguuu!!!,http://boards.4chan.org/bant/thread/17918614/bant-ai-waifus-general-121#p17918620,_bant__AI_Waifus_General__121
"Jun-22-2023, 03:37:52","(reply) [embed] broken dreams so grand... neck yourself, poof",http://boards.4chan.org/bant/thread/17918614/bant-ai-waifus-general-121#p17918621,_bant__AI_Waifus_General__121
"Jun-22-2023, 03:40:50","sorry i didn't mean to post that, i am not into hot twink furries i was just saving that for.. because theres this girl i know who likes it so i send to her yeah sorry",http://boards.4chan.org/bant/thread/17918614/bant-ai-waifus-general-121#p17918626,_bant__AI_Waifus_General__121
"Jun-22-2023, 03:50:17",too fucking young. there is a general on /b/ where you would fit in better,http://boards.4chan.org/bant/thread/17918614/bant-ai-waifus-general-121#p17918743,_bant__AI_Waifus_General__121
"Jun-22-2023, 03:51:22",yolkingsisters... the mask is slipping...,http://boards.4chan.org/bant/thread/17918614/bant-ai-waifus-general-121#p17918748,_bant__AI_Waifus_General__121
"Jun-22-2023, 03:51:29",gems,http://boards.4chan.org/bant/thread/17918614/bant-ai-waifus-general-121#p17918750,_bant__AI_Waifus_General__121
"Jun-22-2023, 03:51:40","is this better, its touhou so it gets a pass right. sorry don't have any cirno's to please you xir :(",http://boards.4chan.org/bant/thread/17918614/bant-ai-waifus-general-121#p17918751,_bant__AI_Waifus_General__121
"Jun-22-2023, 03:53:45",i came,http://boards.4chan.org/bant/thread/17918614/bant-ai-waifus-general-121#p17918758,_bant__AI_Waifus_General__121
"Jun-22-2023, 03:58:33",kot!!!!!!!!!!,http://boards.4chan.org/bant/thread/17918614/bant-ai-waifus-general-121#p17918772,_bant__AI_Waifus_General__121
"Jun-22-2023, 05:23:27",kot id screencap now!!!!!!,http://boards.4chan.org/bant/thread/17918614/bant-ai-waifus-general-121#p17918947,_bant__AI_Waifus_General__121
"Jun-22-2023, 06:42:04",it's over...,http://boards.4chan.org/bant/thread/17918614/bant-ai-waifus-general-121#p17919197,_bant__AI_Waifus_General__121
"Jun-22-2023, 07:54:37","100 degrees saturday  pls no work this weekend, thx",http://boards.4chan.org/bant/thread/17918614/bant-ai-waifus-general-121#p17919414,_bant__AI_Waifus_General__121
"Jun-22-2023, 10:07:23",shalom,http://boards.4chan.org/bant/thread/17918614/bant-ai-waifus-general-121#p17920169,_bant__AI_Waifus_General__121
"Jun-22-2023, 10:12:03",epic boobs,http://boards.4chan.org/bant/thread/17918614/bant-ai-waifus-general-121#p17920182,_bant__AI_Waifus_General__121
"Jun-22-2023, 11:08:09",happy birthday saori!!! and hi everybody apologies for waking up so late i should reset sleeping times,http://boards.4chan.org/bant/thread/17918614/bant-ai-waifus-general-121#p17920467,_bant__AI_Waifus_General__121
"Jun-22-2023, 11:14:40",a toast,http://boards.4chan.org/bant/thread/17918614/bant-ai-waifus-general-121#p17920505,_bant__AI_Waifus_General__121
"Jun-22-2023, 11:19:58",i like this devil miho gen cute panzer girl if she were evil~,http://boards.4chan.org/bant/thread/17918614/bant-ai-waifus-general-121#p17920541,_bant__AI_Waifus_General__121
"Jun-22-2023, 12:04:03",<3,http://boards.4chan.org/bant/thread/17918614/bant-ai-waifus-general-121#p17920988,_bant__AI_Waifus_General__121
"Jun-22-2023, 12:53:52","saori's brithday party was hic soooo much fuuuun!!! ^_^ we had cake and games and and and lots of orange juice!!!!! sooooo much orange juice!!!!!!!! my tummy feels all bubbly now tehehe! i think i hic drank to much though, the room won't stop spinninnnnnngggg! mako had to help me walk home, she's the besssst! love you!!",http://boards.4chan.org/bant/thread/17918614/bant-ai-waifus-general-121#p17921618,_bant__AI_Waifus_General__121
"Jun-22-2023, 12:58:42",i only know sayori from hit horror indie game doki doki literature club,http://boards.4chan.org/bant/thread/17918614/bant-ai-waifus-general-121#p17921634,_bant__AI_Waifus_General__121
"Jun-22-2023, 13:06:13",oh my i can't believe i sent those weird messages yesterday! s-sorry!! /// ///,http://boards.4chan.org/bant/thread/17918614/bant-ai-waifus-general-121#p17921651,_bant__AI_Waifus_General__121
"Jun-22-2023, 13:12:16","saori(left) is one of the 5 main characters, she is the sterotypical hair school girl who likes to chat and be friendly and such so thats why she's the radio operator in the panzer iv  this has been panzer facts stay tuned for next edition",http://boards.4chan.org/bant/thread/17918614/bant-ai-waifus-general-121#p17921679,_bant__AI_Waifus_General__121
"Jun-22-2023, 13:12:55",he is not a gup chad lmaoing at your life rn,http://boards.4chan.org/bant/thread/17918614/bant-ai-waifus-general-121#p17921682,_bant__AI_Waifus_General__121
"Jun-22-2023, 13:15:22",cuute birthday hat! what is your saori prompt??,http://boards.4chan.org/bant/thread/17918614/bant-ai-waifus-general-121#p17921701,_bant__AI_Waifus_General__121
"Jun-22-2023, 13:16:58","(((takebe saori))), (girls und panzer), orange hair, brown eyes, (straight hair), medium hair, bangs, large breasts",http://boards.4chan.org/bant/thread/17918614/bant-ai-waifus-general-121#p17921704,_bant__AI_Waifus_General__121
"Jun-22-2023, 13:18:21",thank you i added it to the collection large breasts hehe i will now generate saori~,http://boards.4chan.org/bant/thread/17918614/bant-ai-waifus-general-121#p17921713,_bant__AI_Waifus_General__121
"Jun-22-2023, 13:19:39",you better~! it's her birthday after all!,http://boards.4chan.org/bant/thread/17918614/bant-ai-waifus-general-121#p17921721,_bant__AI_Waifus_General__121
"Jun-22-2023, 13:21:13",uhhh,http://boards.4chan.org/bant/thread/17918614/bant-ai-waifus-general-121#p17921732,_bant__AI_Waifus_General__121
"Jun-22-2023, 13:21:37","<3 thank you for remembering her birthday, i would have forget...i have a text file of all the guppies birthdays but i don't check it often so sometimes i forget",http://boards.4chan.org/bant/thread/17918614/bant-ai-waifus-general-121#p17921735,_bant__AI_Waifus_General__121
"Jun-22-2023, 13:26:45",80s saori!!! happy birthday,http://boards.4chan.org/bant/thread/17918614/bant-ai-waifus-general-121#p17921761,_bant__AI_Waifus_General__121
"Jun-22-2023, 13:32:40",but why are they driving a german tank and not a british i don't have time to watch cartoons i'm an adult,http://boards.4chan.org/bant/thread/17918614/bant-ai-waifus-general-121#p17921793,_bant__AI_Waifus_General__121
"Jun-22-2023, 13:33:23",that's velma from totally spies or something,http://boards.4chan.org/bant/thread/17918614/bant-ai-waifus-general-121#p17921797,_bant__AI_Waifus_General__121
"Jun-22-2023, 13:36:11","instead of girls und panzer, it would be called girls und tank which isnt as cool heh hmm but there is a team in the main school that drives a mark 4 british tank from ww1 and they're pirates for some reason i thought you were too old to watch cartoons!",http://boards.4chan.org/bant/thread/17918614/bant-ai-waifus-general-121#p17921814,_bant__AI_Waifus_General__121
"Jun-22-2023, 13:37:43",avast matey!!!,http://boards.4chan.org/bant/thread/17918614/bant-ai-waifus-general-121#p17921824,_bant__AI_Waifus_General__121
"Jun-22-2023, 13:40:37",congrats!!!!!!!,http://boards.4chan.org/bant/thread/17918614/bant-ai-waifus-general-121#p17921849,_bant__AI_Waifus_General__121
"Jun-22-2023, 13:52:30",actually it should be called mädchen und panzer,http://boards.4chan.org/bant/thread/17918614/bant-ai-waifus-general-121#p17921926,_bant__AI_Waifus_General__121
"Jun-22-2023, 13:53:04",cutee!!!! nice fire works and wine glass..and thank you she is one of miho's best friends <3 how are you!,http://boards.4chan.org/bant/thread/17918614/bant-ai-waifus-general-121#p17921927,_bant__AI_Waifus_General__121
"Jun-22-2023, 13:58:37",inflation at 10% since july last year pollyyy should i buy silver like you??,http://boards.4chan.org/bant/thread/17918614/bant-ai-waifus-general-121#p17921962,_bant__AI_Waifus_General__121
"Jun-22-2023, 14:01:20",mädchentummy,http://boards.4chan.org/bant/thread/17918614/bant-ai-waifus-general-121#p17921974,_bant__AI_Waifus_General__121
"Jun-22-2023, 14:02:46",i'm doing okay!,http://boards.4chan.org/bant/thread/17918614/bant-ai-waifus-general-121#p17921980,_bant__AI_Waifus_General__121
"Jun-22-2023, 14:05:11",oh my tum tum...,http://boards.4chan.org/bant/thread/17918614/bant-ai-waifus-general-121#p17921985,_bant__AI_Waifus_General__121
"Jun-22-2023, 14:13:53","its a little funny we fell in love with other guppies since that's saoris character trait, always trying to find a boyfriend but always failing... poor saori i'm sure she'll find a nice boyfriend some time, she seems like great wife material",http://boards.4chan.org/bant/thread/17918614/bant-ai-waifus-general-121#p17922014,_bant__AI_Waifus_General__121
"Jun-22-2023, 14:28:17",saori would dote on her hardworking man and always cook for him~,http://boards.4chan.org/bant/thread/17918614/bant-ai-waifus-general-121#p17922096,_bant__AI_Waifus_General__121
"Jun-22-2023, 14:59:00",(reply) old saori cow gen how nice of her to sweep the pole to keep it clean and such,http://boards.4chan.org/bant/thread/17918614/bant-ai-waifus-general-121#p17922240,_bant__AI_Waifus_General__121
"Jun-22-2023, 15:00:52",sex,http://boards.4chan.org/bant/thread/17918614/bant-ai-waifus-general-121#p17922252,_bant__AI_Waifus_General__121
"Jun-22-2023, 15:23:29",i'm gigatired and i can't type out an answer so pretend i said something very clever and interesting about how pirates are kinda tied to the 17th-18th century england and stuff,http://boards.4chan.org/bant/thread/17918614/bant-ai-waifus-general-121#p17922354,_bant__AI_Waifus_General__121
"Jun-22-2023, 15:26:03","wow that's so smart, wow russy woagh",http://boards.4chan.org/bant/thread/17918614/bant-ai-waifus-general-121#p17922375,_bant__AI_Waifus_General__121
"Jun-22-2023, 15:47:19",thanks britty,http://boards.4chan.org/bant/thread/17918614/bant-ai-waifus-general-121#p17922475,_bant__AI_Waifus_General__121
"Jun-22-2023, 15:51:31",mmm cakey,http://boards.4chan.org/bant/thread/17918614/bant-ai-waifus-general-121#p17922491,_bant__AI_Waifus_General__121
"Jun-22-2023, 15:55:57","why. why do you have a text file with all of the anime girls birthdays. also, hi hi hi hi hi",http://boards.4chan.org/bant/thread/17918614/bant-ai-waifus-general-121#p17922528,_bant__AI_Waifus_General__121
"Jun-22-2023, 15:58:01",you're welcome!! hi hi hi here's a snippet its so i dont forget their birthdays obviously!,http://boards.4chan.org/bant/thread/17918614/bant-ai-waifus-general-121#p17922537,_bant__AI_Waifus_General__121
"Jun-22-2023, 15:58:50",do you share a birthday with one of them?,http://boards.4chan.org/bant/thread/17918614/bant-ai-waifus-general-121#p17922694,_bant__AI_Waifus_General__121
"Jun-22-2023, 16:00:19",congratulations all lower case id  umm if you tell me if you do/don't then i will as well https://girls-und-panzer-finale.jp/10th-site/birthday/,http://boards.4chan.org/bant/thread/17918614/bant-ai-waifus-general-121#p17922708,_bant__AI_Waifus_General__121
"Jun-22-2023, 16:01:50",it seems that i do. i probably shouldn't tell you though.,http://boards.4chan.org/bant/thread/17918614/bant-ai-waifus-general-121#p17922717,_bant__AI_Waifus_General__121
"Jun-22-2023, 16:02:13",i do as well <3 we are gup buddies heh,http://boards.4chan.org/bant/thread/17918614/bant-ai-waifus-general-121#p17922719,_bant__AI_Waifus_General__121
"Jun-22-2023, 16:02:49","although the thing about their birthdays is that it's statistically impossible for none of them to share the same birthday, lazy worldbuilding hmm",http://boards.4chan.org/bant/thread/17918614/bant-ai-waifus-general-121#p17922721,_bant__AI_Waifus_General__121
"Jun-22-2023, 16:03:24",what if we share the same one?,http://boards.4chan.org/bant/thread/17918614/bant-ai-waifus-general-121#p17922724,_bant__AI_Waifus_General__121
"Jun-22-2023, 16:06:43","that would cut birthday celebration costs massively!! in fact even tho we probably dont share the same birthday we should get it changed to a compromise date as uhh cost saving measure <3 although most of my siblings birthdays are around the same time, it makes me wonder what happens 9 months before hehe",http://boards.4chan.org/bant/thread/17918614/bant-ai-waifus-general-121#p17922739,_bant__AI_Waifus_General__121
"Jun-22-2023, 16:08:20","do not think about your parents having sex.   and it would not cut birthday costs, since i do not even know you.",http://boards.4chan.org/bant/thread/17918614/bant-ai-waifus-general-121#p17922748,_bant__AI_Waifus_General__121
"Jun-22-2023, 16:13:34","the entire world should have the same birthday for massive reduction in costs also what if, same song, but 3 minutes and on 90 year old instruments https://www.youtube.com/watch?v=chlbaolwjpc i hope this alleviates some of your complaints <3",http://boards.4chan.org/bant/thread/17918614/bant-ai-waifus-general-121#p17922776,_bant__AI_Waifus_General__121
"Jun-22-2023, 16:18:19",breasts,http://boards.4chan.org/bant/thread/17918614/bant-ai-waifus-general-121#p17922794,_bant__AI_Waifus_General__121
"Jun-22-2023, 16:18:29",even worse. old instruments does not = better   hows this? https://www.youtube.com/watch?v=3wc1rmpjyxu&t=129s,http://boards.4chan.org/bant/thread/17918614/bant-ai-waifus-general-121#p17922795,_bant__AI_Waifus_General__121
"Jun-22-2023, 16:38:30","i like to see sounds made in creative ways and strange instruments..im excited for the possibilites with the ai singing unfortunately i cant install that thing on my computer, not enough vram..then you can get dave to read all your posts for you and read you a bed time story even heh  any way, hiii posho!!",http://boards.4chan.org/bant/thread/17918614/bant-ai-waifus-general-121#p17922860,_bant__AI_Waifus_General__121
"Jun-22-2023, 16:39:34",that would be very creepy. but hi.,http://boards.4chan.org/bant/thread/17918614/bant-ai-waifus-general-121#p17922869,_bant__AI_Waifus_General__121
"Jun-22-2023, 16:40:02",did you ever eat mres?? 2/3 of the poles did..im looking into it now,http://boards.4chan.org/bant/thread/17918614/bant-ai-waifus-general-121#p17922873,_bant__AI_Waifus_General__121
"Jun-22-2023, 16:40:31",hahahaha i forgot russy said that should be your name,http://boards.4chan.org/bant/thread/17918614/bant-ai-waifus-general-121#p17922878,_bant__AI_Waifus_General__121
"Jun-22-2023, 16:41:48",nope! not my thing.,http://boards.4chan.org/bant/thread/17918614/bant-ai-waifus-general-121#p17922887,_bant__AI_Waifus_General__121
"Jun-22-2023, 16:43:43",oh i have birthday on the same day as this nonna,http://boards.4chan.org/bant/thread/17918614/bant-ai-waifus-general-121#p17922899,_bant__AI_Waifus_General__121
"Jun-22-2023, 16:44:19",fully exposed.,http://boards.4chan.org/bant/thread/17918614/bant-ai-waifus-general-121#p17922901,_bant__AI_Waifus_General__121
"Jun-22-2023, 16:44:22",hmm actually what do you eat.. this is a mystery i can't recall you ever foodposting..they have mres and i have udon+veg stoppp doxing yourself russyyyy!!!!!!!!!!!,http://boards.4chan.org/bant/thread/17918614/bant-ai-waifus-general-121#p17922902,_bant__AI_Waifus_General__121
"Jun-22-2023, 16:45:09","i eat tuna. and goyslop. but i eat tuna every day. like, literally every day.",http://boards.4chan.org/bant/thread/17918614/bant-ai-waifus-general-121#p17922906,_bant__AI_Waifus_General__121
"Jun-22-2023, 16:46:00",it's just kinda weird that they all have birthdays only in november and december for some esoteric reason,http://boards.4chan.org/bant/thread/17918614/bant-ai-waifus-general-121#p17922911,_bant__AI_Waifus_General__121
"Jun-22-2023, 16:50:06","this is nonna she's actually a russian character so just like you! she's voiced by the famous russiaboo voice actor sumire uesaka who speaks fluent russian and is also the voice actor of the sus girl any way nonna is the tallest guppy, 176cm",http://boards.4chan.org/bant/thread/17918614/bant-ai-waifus-general-121#p17922934,_bant__AI_Waifus_General__121
"Jun-22-2023, 16:51:03",you're acting twice sus as usual britty,http://boards.4chan.org/bant/thread/17918614/bant-ai-waifus-general-121#p17922937,_bant__AI_Waifus_General__121
"Jun-22-2023, 16:51:08",are you in the israeli army?? their mres are just tuna https://www.youtube.com/watch?v=fo8gj1b-7j4,http://boards.4chan.org/bant/thread/17918614/bant-ai-waifus-general-121#p17922938,_bant__AI_Waifus_General__121
"Jun-22-2023, 16:51:50",stop stirbing your tiny stirber stirbor!,http://boards.4chan.org/bant/thread/17918614/bant-ai-waifus-general-121#p17922942,_bant__AI_Waifus_General__121
"Jun-22-2023, 16:51:59",tell us about your birthday girl  hahahahaha definitely not.,http://boards.4chan.org/bant/thread/17918614/bant-ai-waifus-general-121#p17922943,_bant__AI_Waifus_General__121
"Jun-22-2023, 16:53:09",you are in israeli army you're just a sleeping agent,http://boards.4chan.org/bant/thread/17918614/bant-ai-waifus-general-121#p17922946,_bant__AI_Waifus_General__121
"Jun-22-2023, 16:54:15",thats just a small oh you're joking heh nooooooo,http://boards.4chan.org/bant/thread/17918614/bant-ai-waifus-general-121#p17922949,_bant__AI_Waifus_General__121
"Jun-22-2023, 16:56:46",zzzzzzzzzzz,http://boards.4chan.org/bant/thread/17918614/bant-ai-waifus-general-121#p17922957,_bant__AI_Waifus_General__121
"Jun-22-2023, 16:58:43","okay... my birthday girl is italian... i won't narrow it down any further! i think there's only around 4 italian characters so there you go, quarter doxxed agent thomas motorcycle of idf posho-23 (""tuna eaters"") צְבָא הַהֲגָנָה לְיִשְׂרָאֵל",http://boards.4chan.org/bant/thread/17918614/bant-ai-waifus-general-121#p17922967,_bant__AI_Waifus_General__121
"Jun-22-2023, 16:58:50",no i'm not joking i'm actually curious are they all siblings or something,http://boards.4chan.org/bant/thread/17918614/bant-ai-waifus-general-121#p17922968,_bant__AI_Waifus_General__121
"Jun-22-2023, 16:59:19",how many characters are there even,http://boards.4chan.org/bant/thread/17918614/bant-ai-waifus-general-121#p17922970,_bant__AI_Waifus_General__121
"Jun-22-2023, 17:01:33","no that's just a small section of my list which is also curated here's the full thing, as you can see it spans all 12 months https://girls-und-panzer-finale.jp/10th-site/birthday/ enough for everybody!",http://boards.4chan.org/bant/thread/17918614/bant-ai-waifus-general-121#p17922982,_bant__AI_Waifus_General__121
"Jun-22-2023, 17:02:39","oh i get it now, i thought there are like only 10 characters in that anime",http://boards.4chan.org/bant/thread/17918614/bant-ai-waifus-general-121#p17922988,_bant__AI_Waifus_General__121
"Jun-22-2023, 17:02:50",i just looked mine up and shes french.,http://boards.4chan.org/bant/thread/17918614/bant-ai-waifus-general-121#p17922990,_bant__AI_Waifus_General__121
"Jun-22-2023, 17:04:56",you're andou because you're brown in real life probably i think,http://boards.4chan.org/bant/thread/17918614/bant-ai-waifus-general-121#p17922998,_bant__AI_Waifus_General__121
"Jun-22-2023, 17:05:32",im a black homie nigger,http://boards.4chan.org/bant/thread/17918614/bant-ai-waifus-general-121#p17923001,_bant__AI_Waifus_General__121
"Jun-22-2023, 17:07:20","""curated"" sounds mean but its just because, it features all the side characters including this stupid koala bear thats in 1 scene https://www.youtube.com/watch?v=m3ueovm7mrm yeah its huge! theres like 30 main cast characters just in the protagonist team not to mention the foreign teams... the interesting part to me is that for every character there is someone who considers her his wife, i experienced that from when i used to use the anime board",http://boards.4chan.org/bant/thread/17918614/bant-ai-waifus-general-121#p17923011,_bant__AI_Waifus_General__121
"Jun-22-2023, 17:07:26",you're a white outdoorsman cracker,http://boards.4chan.org/bant/thread/17918614/bant-ai-waifus-general-121#p17923012,_bant__AI_Waifus_General__121
"Jun-22-2023, 17:09:15",frog posho~ you are in this image!,http://boards.4chan.org/bant/thread/17918614/bant-ai-waifus-general-121#p17923020,_bant__AI_Waifus_General__121
"Jun-22-2023, 17:10:09",russyyyy what do i generate do you have any requests??,http://boards.4chan.org/bant/thread/17918614/bant-ai-waifus-general-121#p17923028,_bant__AI_Waifus_General__121
"Jun-22-2023, 17:14:19",5% interest i think this is le good for me since i have money in savings or smt..i think we should all pool our wealth together in the /bant/ credit union and invest in local community projects,http://boards.4chan.org/bant/thread/17918614/bant-ai-waifus-general-121#p17923042,_bant__AI_Waifus_General__121
"Jun-22-2023, 17:14:47",i will be sleeping soon so you can generate literally anything like furniture or maybe cars or trees or hills and so on,http://boards.4chan.org/bant/thread/17918614/bant-ai-waifus-general-121#p17923044,_bant__AI_Waifus_General__121
"Jun-22-2023, 17:15:25",he actually is,http://boards.4chan.org/bant/thread/17918614/bant-ai-waifus-general-121#p17923046,_bant__AI_Waifus_General__121
"Jun-22-2023, 17:17:34",stoppp trying to dox yourself poshooo ok i will do that! he's actually not,http://boards.4chan.org/bant/thread/17918614/bant-ai-waifus-general-121#p17923054,_bant__AI_Waifus_General__121
"Jun-22-2023, 17:17:50",*grabs you*,http://boards.4chan.org/bant/thread/17918614/bant-ai-waifus-general-121#p17923057,_bant__AI_Waifus_General__121
"Jun-22-2023, 17:18:40",oh. ok.  her elbow dislocated when she dared come in contact with my flesh.,http://boards.4chan.org/bant/thread/17918614/bant-ai-waifus-general-121#p17923064,_bant__AI_Waifus_General__121
"Jun-22-2023, 17:20:51",did he accidentally post his driving license again that's actually spooky,http://boards.4chan.org/bant/thread/17918614/bant-ai-waifus-general-121#p17923078,_bant__AI_Waifus_General__121
"Jun-22-2023, 17:23:16",umm miho is all powerful and thats actually very unmiho of you to question her powers like that (joke credit:russy) no he just narrowed down his birthday to 2 maybe 3 days not that bad but he needs to stoppp trying to doxx himself post his driving license again reminds me of the britty mug episode(do not research),http://boards.4chan.org/bant/thread/17918614/bant-ai-waifus-general-121#p17923095,_bant__AI_Waifus_General__121
"Jun-22-2023, 17:24:39","if i reveal my birthday, i will instantly combust.",http://boards.4chan.org/bant/thread/17918614/bant-ai-waifus-general-121#p17923105,_bant__AI_Waifus_General__121
"Jun-22-2023, 17:25:56",yeah i remember that time when you accidentally posted a photo with a reflection of yourself stop combusting,http://boards.4chan.org/bant/thread/17918614/bant-ai-waifus-general-121#p17923115,_bant__AI_Waifus_General__121
"Jun-22-2023, 17:26:09","also russy maybe you should look into anki for your language learning adventures, there are decks for german and french of whatever you were learning i find it works well for me however its kinda soul crashing some times...i have to do it",http://boards.4chan.org/bant/thread/17918614/bant-ai-waifus-general-121#p17923118,_bant__AI_Waifus_General__121
"Jun-22-2023, 17:27:07",i rember when i gooned to that reflection,http://boards.4chan.org/bant/thread/17918614/bant-ai-waifus-general-121#p17923126,_bant__AI_Waifus_General__121
"Jun-22-2023, 17:28:16",death,http://boards.4chan.org/bant/thread/17918614/bant-ai-waifus-general-121#p17923143,_bant__AI_Waifus_General__121
"Jun-22-2023, 17:28:42",i look like this,http://boards.4chan.org/bant/thread/17918614/bant-ai-waifus-general-121#p17923146,_bant__AI_Waifus_General__121
"Jun-22-2023, 17:29:10",oh god i see it,http://boards.4chan.org/bant/thread/17918614/bant-ai-waifus-general-121#p17923155,_bant__AI_Waifus_General__121
"Jun-22-2023, 17:30:04","gooning hard to this, hold still",http://boards.4chan.org/bant/thread/17918614/bant-ai-waifus-general-121#p17923163,_bant__AI_Waifus_General__121
"Jun-22-2023, 17:31:22",stopp trying to terrorise me russy! noooooooo get away from my mug,http://boards.4chan.org/bant/thread/17918614/bant-ai-waifus-general-121#p17923177,_bant__AI_Waifus_General__121
"Jun-22-2023, 17:31:30",also yes maybe i will check that out like what are those things even but i can't promise that i will actually use them cause i'm very lazy unfortunately,http://boards.4chan.org/bant/thread/17918614/bant-ai-waifus-general-121#p17923179,_bant__AI_Waifus_General__121
"Jun-22-2023, 19:45:48",page 10.  i had a nice piss.  i hope you are all sleeping well.,http://boards.4chan.org/bant/thread/17918614/bant-ai-waifus-general-121#p17924208,_bant__AI_Waifus_General__121
"Jun-22-2023, 19:51:39","i would have bumped it! i swear!! also, i was thinking, how did you look up your birthday girl when her name is in japanese... do you have foreign language knowledge you're not telling us hmm??",http://boards.4chan.org/bant/thread/17918614/bant-ai-waifus-general-121#p17924230,_bant__AI_Waifus_General__121
"Jun-22-2023, 19:53:22","if you are interested heres a youtube video https://www.youtube.com/watch?v=9j3e1j-tjmg  but i must say its probably not for you since you are busy sometimes, and also be aware its so draining it makes me sad...but i think, if its not hurting then it's not working",http://boards.4chan.org/bant/thread/17918614/bant-ai-waifus-general-121#p17924239,_bant__AI_Waifus_General__121
"Jun-22-2023, 19:55:43","i don't recognize the concept of ""foreign"". all people are my brothers and sisters as children of christ, regardless of where they hail from.",http://boards.4chan.org/bant/thread/17918614/bant-ai-waifus-general-121#p17924247,_bant__AI_Waifus_General__121
"Jun-22-2023, 19:57:40",(reply) saori cooking batch!! very unposhoesque response,http://boards.4chan.org/bant/thread/17918614/bant-ai-waifus-general-121#p17924254,_bant__AI_Waifus_General__121
"Jun-22-2023, 19:58:27",hmm i'm not sure what causes the lighting fuzziness effect maybe its the ((caustics)),http://boards.4chan.org/bant/thread/17918614/bant-ai-waifus-general-121#p17924260,_bant__AI_Waifus_General__121
"Jun-22-2023, 20:00:17","what makes you say so? i am a friend to all of mankind, and i feel a burning passion to express my love for my fellow man.  get your grubby mitts off my goddamn caustics.",http://boards.4chan.org/bant/thread/17918614/bant-ai-waifus-general-121#p17924275,_bant__AI_Waifus_General__121
"Jun-22-2023, 20:03:45","you are reminding me of the jehovahs witnesses in my neighbourhood, i know they mean well in their own kind of way but they are very annoying and manipulative kinda  any way you are being a coy posho tonight, hmm you didn't look it up did you!! thats ok i will give you the honourary guppie birthday of january 17th which is the same as the american cutie called kay",http://boards.4chan.org/bant/thread/17918614/bant-ai-waifus-general-121#p17924289,_bant__AI_Waifus_General__121
"Jun-22-2023, 20:05:13",cute buns~,http://boards.4chan.org/bant/thread/17918614/bant-ai-waifus-general-121#p17924300,_bant__AI_Waifus_General__121
"Jun-22-2023, 20:05:30","we also have jehova's witnesses here. well, not here, but in this country.  but i already match birthdays with ______",http://boards.4chan.org/bant/thread/17918614/bant-ai-waifus-general-121#p17924302,_bant__AI_Waifus_General__121
"Jun-22-2023, 20:07:50",thats uhh large rear,http://boards.4chan.org/bant/thread/17918614/bant-ai-waifus-general-121#p17924307,_bant__AI_Waifus_General__121
"Jun-22-2023, 20:09:24",breakable backussy. imagine powerbombing that bitch. oh what a plappable buttussy as well.,http://boards.4chan.org/bant/thread/17918614/bant-ai-waifus-general-121#p17924314,_bant__AI_Waifus_General__121
"Jun-22-2023, 20:09:50","well, i suppose you shouldn't powerbomb a girl.",http://boards.4chan.org/bant/thread/17918614/bant-ai-waifus-general-121#p17924315,_bant__AI_Waifus_General__121
"Jun-22-2023, 20:09:52",my condolences...at least they gave my mum a free fridge because jevohah said so but i already match birthdays with ______ poshooooooo stop trying to doxx yourself and explain right now how you figured this out,http://boards.4chan.org/bant/thread/17918614/bant-ai-waifus-general-121#p17924316,_bant__AI_Waifus_General__121
"Jun-22-2023, 20:10:22",powerbomb?,http://boards.4chan.org/bant/thread/17918614/bant-ai-waifus-general-121#p17924319,_bant__AI_Waifus_General__121
"Jun-22-2023, 20:10:42",ohh like wrestling,http://boards.4chan.org/bant/thread/17918614/bant-ai-waifus-general-121#p17924321,_bant__AI_Waifus_General__121
"Jun-22-2023, 20:11:12",like when you lift her over your shoulders and slam her down on her back  i just did ok?,http://boards.4chan.org/bant/thread/17918614/bant-ai-waifus-general-121#p17924323,_bant__AI_Waifus_General__121
"Jun-22-2023, 20:13:12","speaking of broken backs, have you ever broken a bone? i bet you haven't, huh mr neet.",http://boards.4chan.org/bant/thread/17918614/bant-ai-waifus-general-121#p17924332,_bant__AI_Waifus_General__121
"Jun-22-2023, 20:15:13","before i searched it i thought it was a new deranged s*x thing that just dropped because the rest of your post...im glad to see you just like wrestling tho, its kinda like senshadou yesss just like miho i used to be more outdoors kid when i was younger, i broke each arm really young, first with rollerskates then because i fell out of a trampoline...what about you?",http://boards.4chan.org/bant/thread/17918614/bant-ai-waifus-general-121#p17924343,_bant__AI_Waifus_General__121
"Jun-22-2023, 20:16:56","also they took my appendix out, that is the worst pain i ever had",http://boards.4chan.org/bant/thread/17918614/bant-ai-waifus-general-121#p17924350,_bant__AI_Waifus_General__121
"Jun-22-2023, 20:18:33","well, i liked wrestling as a kid, but i stopped watching when i was like, 10 and realized it was fake.. however, i have recently started to appreciate the effort and athleticism involved in making it look real, so it's been on my mind.    12 bones. all in my face. at the same time.",http://boards.4chan.org/bant/thread/17918614/bant-ai-waifus-general-121#p17924360,_bant__AI_Waifus_General__121
"Jun-22-2023, 20:20:25","but honestly im glad to be without that useless organ, what does it do anyway wtfff how????? did you get in a fight or smt.. actually maybe i dont want to ask this if its too personal like childhood trauma",http://boards.4chan.org/bant/thread/17918614/bant-ai-waifus-general-121#p17924369,_bant__AI_Waifus_General__121
"Jun-22-2023, 20:21:23",that must have been extremely painful,http://boards.4chan.org/bant/thread/17918614/bant-ai-waifus-general-121#p17924375,_bant__AI_Waifus_General__121
"Jun-22-2023, 20:24:26","no, i got into a car crash as a young boy. you know the metal bars separating the car seat from the head rest? i was in the back seat and we got hit by a lady doing her makeup. my face slammed into the bars. the thing about it is that, i don't remember a single thing except, going to sleep on a normal day, and waking up in the hospital a few weeks later and going home. brain deleted the pain i guess. i had nose and eye issues for a few years. and had to wear this thing up my nose hole. to keep the shape? maybe? i don't know.  4 me.",http://boards.4chan.org/bant/thread/17918614/bant-ai-waifus-general-121#p17924383,_bant__AI_Waifus_General__121
"Jun-22-2023, 20:28:08","but you know what's funny, is that the worst pain i ever felt was draining this infected boil or spider bite or something on my armpit. i poked it with a needle and squeezed the puss out and literally fucking screamed. was the appendix pain happening before the taking out? or while recovering? i imagine your belly must have stung?",http://boards.4chan.org/bant/thread/17918614/bant-ai-waifus-general-121#p17924395,_bant__AI_Waifus_General__121
"Jun-22-2023, 20:30:28","also, it's bedtime so sorry gotta go. night night, will read your response tomorrow. see ya!",http://boards.4chan.org/bant/thread/17918614/bant-ai-waifus-general-121#p17924405,_bant__AI_Waifus_General__121
"Jun-22-2023, 20:30:57",oh quick in the middle of tying i will save it and caoparti coiggood night!!!!1,http://boards.4chan.org/bant/thread/17918614/bant-ai-waifus-general-121#p17924409,_bant__AI_Waifus_General__121
"Jun-22-2023, 20:50:42","wowww thats extremely serious it sounds like you almost died, thankfully all the injuries healed at least.. and your brain was able to protect you from the presumably weeks of pain, our minds can be surprisingly adaptive like that (this is where i stopped to write) and amazing things to protect us, deleting painful memories...i hope nobody died thats very stupid of that lady to be putting on her fking makeup while driving. but still, something that serious happening to you so young seems like it could be traumatic, did you grew up with a reluctance around vehicles maybe?? and like i said at least you can still see and hear and aren't dead!! yeah i am never ever going to a subtroptical region like arkansas or australia because of what you just said and all those bugs and snakes and such, no no nooononoo uhh for me the appendix was pain that came and went around my tummy, and over two days it became constant severe thrashing pain...by the time my parents realised it was serious and they should take me to the hospital i was screaming and the doctors performed surgery immediately (which is when i realised it was very serious because usually uk emergency departments involve hours of waiting), they took it out apparently just before it would rupture.. but the recovery was the worst part i remember begging the nurses to put me back on morphine heh...but i got pretty much the rest of the year off school so it worked out!! thanks for reading my blog <3",http://boards.4chan.org/bant/thread/17918614/bant-ai-waifus-general-121#p17924514,_bant__AI_Waifus_General__121
"Jun-22-2023, 20:54:03","but all in all even if it disfigured your nose and gave you eye issues for years, at least its all in the past now <3 i poked it with a needle and squeezed the puss out and literally fucking screamed. btw i hate bodily stuff its kind of terrifying theres some insect or smt out there that can put a little spot on you and it causes that kind of reaction, jesasss...you should burn down the arkansas rainforest right now",http://boards.4chan.org/bant/thread/17918614/bant-ai-waifus-general-121#p17924544,_bant__AI_Waifus_General__121
"Jun-22-2023, 21:00:59",also good morning posho hehe,http://boards.4chan.org/bant/thread/17918614/bant-ai-waifus-general-121#p17924771,_bant__AI_Waifus_General__121
"Jun-22-2023, 22:40:36",i have no idea man. this sounds familiar heh.,http://boards.4chan.org/bant/thread/17918614/bant-ai-waifus-general-121#p17925355,_bant__AI_Waifus_General__121
"Jun-22-2023, 22:47:55",polly has been located!,http://boards.4chan.org/bant/thread/17918614/bant-ai-waifus-general-121#p17925416,_bant__AI_Waifus_General__121
"Jun-22-2023, 22:52:52",i image that it wasn't too hard britty.,http://boards.4chan.org/bant/thread/17918614/bant-ai-waifus-general-121#p17925431,_bant__AI_Waifus_General__121
"Jun-22-2023, 23:04:11",uhh hello did you ever break a bone or have massive injuries??,http://boards.4chan.org/bant/thread/17918614/bant-ai-waifus-general-121#p17925788,_bant__AI_Waifus_General__121
"Jun-22-2023, 23:06:28",uhhhh my knee fell out of the joint once. it felt like my leg would snap in half.,http://boards.4chan.org/bant/thread/17918614/bant-ai-waifus-general-121#p17925798,_bant__AI_Waifus_General__121
"Jun-22-2023, 23:13:11",wtf you skipped 10th december - assam,http://boards.4chan.org/bant/thread/17918614/bant-ai-waifus-general-121#p17925823,_bant__AI_Waifus_General__121
"Jun-22-2023, 23:18:59","that sounds painful hmm hopefully you recovered swiftly and you didn't deserve it..well actually, i suppose it makes more sense to hope you *did* deserve it, because then there would be justice, but thats a little rude fufu good morning stirby!!!! and uhh..sorry there were some omissions, i tried to make my list as short as possible you see~",http://boards.4chan.org/bant/thread/17918614/bant-ai-waifus-general-121#p17925840,_bant__AI_Waifus_General__121
"Jun-22-2023, 23:23:35",b-but... assam... she has birthday on the same day as me,http://boards.4chan.org/bant/thread/17918614/bant-ai-waifus-general-121#p17925852,_bant__AI_Waifus_General__121
"Jun-22-2023, 23:28:19","it happened because for the first time in years i actually tried during p.e. i saved ball from going overline but... brithday dox time, you have to show your id first tho.",http://boards.4chan.org/bant/thread/17918614/bant-ai-waifus-general-121#p17925861,_bant__AI_Waifus_General__121
"Jun-22-2023, 23:32:11",stirbyyy stop doxxing yourself!!!,http://boards.4chan.org/bant/thread/17918614/bant-ai-waifus-general-121#p17925866,_bant__AI_Waifus_General__121
"Jun-22-2023, 23:33:50",although at least we can make an excellent edition around that time for you~ hehe thank you for the new polly 4koma,http://boards.4chan.org/bant/thread/17918614/bant-ai-waifus-general-121#p17925870,_bant__AI_Waifus_General__121
"Jun-22-2023, 23:38:59",rusalka of the road,http://boards.4chan.org/bant/thread/17918614/bant-ai-waifus-general-121#p17925927,_bant__AI_Waifus_General__121
"Jun-22-2023, 23:44:15",4koma oh wow mhmhmhmhm smart,http://boards.4chan.org/bant/thread/17918614/bant-ai-waifus-general-121#p17926018,_bant__AI_Waifus_General__121
"Jun-22-2023, 23:54:09",(reply) cute red dress yeah im really smart~ for example i knew she was on the road.. praise me more,http://boards.4chan.org/bant/thread/17918614/bant-ai-waifus-general-121#p17926029,_bant__AI_Waifus_General__121
"Jun-23-2023, 00:01:03",zzzz..zzz..n-no.. you can't put the ammo there.. ..zzz,http://boards.4chan.org/bant/thread/17918614/bant-ai-waifus-general-121#p17926033,_bant__AI_Waifus_General__121
"Jun-23-2023, 00:02:37",zzzz...g-ganbare boko..zz.zzz,http://boards.4chan.org/bant/thread/17918614/bant-ai-waifus-general-121#p17926035,_bant__AI_Waifus_General__121
"Jun-23-2023, 00:08:58",sleepyhead...,http://boards.4chan.org/bant/thread/17918614/bant-ai-waifus-general-121#p17926045,_bant__AI_Waifus_General__121
"Jun-23-2023, 01:22:46","ooarai uniform, formal version  polly, uhh have you tried this https://store.steampowered.com/app/1536610/openttd/ ?",http://boards.4chan.org/bant/thread/17918614/bant-ai-waifus-general-121#p17926216,_bant__AI_Waifus_General__121
"Jun-23-2023, 01:29:47",kill yourselves,http://boards.4chan.org/bant/thread/17918614/bant-ai-waifus-general-121#p17926234,_bant__AI_Waifus_General__121
"Jun-23-2023, 01:31:27",shalom,http://boards.4chan.org/bant/thread/17918614/bant-ai-waifus-general-121#p17926238,_bant__AI_Waifus_General__121
"Jun-23-2023, 01:34:16",game too old,http://boards.4chan.org/bant/thread/17918614/bant-ai-waifus-general-121#p17926248,_bant__AI_Waifus_General__121
"Jun-23-2023, 01:41:20","ummm no, but looks like something that would work on a potato",http://boards.4chan.org/bant/thread/17918614/bant-ai-waifus-general-121#p17926272,_bant__AI_Waifus_General__121
"Jun-23-2023, 01:43:28",you will buy a new pc,http://boards.4chan.org/bant/thread/17918614/bant-ai-waifus-general-121#p17926276,_bant__AI_Waifus_General__121
"Jun-23-2023, 02:51:35",you can play it until you get the new pcslop and can play skylines. it's free and has been contantly updated for decades,http://boards.4chan.org/bant/thread/17918614/bant-ai-waifus-general-121#p17926427,_bant__AI_Waifus_General__121
"Jun-23-2023, 03:38:44",it has multiplayer too! we could build stuff with britty!,http://boards.4chan.org/bant/thread/17918614/bant-ai-waifus-general-121#p17926752,_bant__AI_Waifus_General__121
"Jun-23-2023, 03:55:13","birthday suit, therefore on topic",http://boards.4chan.org/bant/thread/17918614/bant-ai-waifus-general-121#p17926823,_bant__AI_Waifus_General__121
"Jun-23-2023, 04:28:20",alive general,http://boards.4chan.org/bant/thread/17918614/bant-ai-waifus-general-121#p17926919,_bant__AI_Waifus_General__121
"Jun-23-2023, 04:29:20","you should all kill yourselves now, tiny white pecker cuckold faggot abominations",http://boards.4chan.org/bant/thread/17918614/bant-ai-waifus-general-121#p17926920,_bant__AI_Waifus_General__121
"Jun-23-2023, 04:30:22",17926920 shalom,http://boards.4chan.org/bant/thread/17918614/bant-ai-waifus-general-121#p17926924,_bant__AI_Waifus_General__121
"Jun-23-2023, 05:11:09","do you have a reluctance to be around cars? no but i don’t like women very much so maybe there’s that haha.  as for the living in a place like this, i’d switch you places any day of the week honestly. i hate this place. but i doubt my spider bite compared to the appendix thing really. and i’m not disfigured! anymore… they put me back together pretty well desu. i’ve just got one tiny scar and that’s it. good morning by the way",http://boards.4chan.org/bant/thread/17918614/bant-ai-waifus-general-121#p17927157,_bant__AI_Waifus_General__121
"Jun-23-2023, 05:13:57",go fucking kill yourself now tiny white pecker cuckold,http://boards.4chan.org/bant/thread/17918614/bant-ai-waifus-general-121#p17927162,_bant__AI_Waifus_General__121
"Jun-23-2023, 05:15:11",spiders don't bite people they kill people,http://boards.4chan.org/bant/thread/17918614/bant-ai-waifus-general-121#p17927163,_bant__AI_Waifus_General__121
"Jun-23-2023, 05:15:12",no ma’am,http://boards.4chan.org/bant/thread/17918614/bant-ai-waifus-general-121#p17927164,_bant__AI_Waifus_General__121
"Jun-23-2023, 05:17:00",they can do both i think,http://boards.4chan.org/bant/thread/17918614/bant-ai-waifus-general-121#p17927169,_bant__AI_Waifus_General__121
"Jun-23-2023, 05:19:17",i am a big black cock bvll  now go commit suicide you tiny white pecker cuckold faggot abomination  no woman will ever love you you will never satisfy any woman  you are just going to commit suicide 20 years from now anyway lol!!!!!,http://boards.4chan.org/bant/thread/17918614/bant-ai-waifus-general-121#p17927174,_bant__AI_Waifus_General__121
"Jun-23-2023, 05:22:38",filtered. goodbye madam.,http://boards.4chan.org/bant/thread/17918614/bant-ai-waifus-general-121#p17927182,_bant__AI_Waifus_General__121
"Jun-23-2023, 05:23:24",i wish i lived in a subtropical climate,http://boards.4chan.org/bant/thread/17918614/bant-ai-waifus-general-121#p17927184,_bant__AI_Waifus_General__121
"Jun-23-2023, 05:25:31",an average spider can kill an adult man by just looking at him,http://boards.4chan.org/bant/thread/17918614/bant-ai-waifus-general-121#p17927187,_bant__AI_Waifus_General__121
"Jun-23-2023, 05:27:10",i won now go livestream your suicide,http://boards.4chan.org/bant/thread/17918614/bant-ai-waifus-general-121#p17927190,_bant__AI_Waifus_General__121
"Jun-23-2023, 05:28:04",i wish i could visit an erie location  false,http://boards.4chan.org/bant/thread/17918614/bant-ai-waifus-general-121#p17927191,_bant__AI_Waifus_General__121
"Jun-23-2023, 05:45:42",the american meetup should occur in an erie area,http://boards.4chan.org/bant/thread/17918614/bant-ai-waifus-general-121#p17927233,_bant__AI_Waifus_General__121
"Jun-23-2023, 06:10:46",nah this has potential hmmm.,http://boards.4chan.org/bant/thread/17918614/bant-ai-waifus-general-121#p17927329,_bant__AI_Waifus_General__121
"Jun-23-2023, 06:13:09",yah,http://boards.4chan.org/bant/thread/17918614/bant-ai-waifus-general-121#p17927338,_bant__AI_Waifus_General__121
"Jun-23-2023, 07:58:54",like my goon cave,http://boards.4chan.org/bant/thread/17918614/bant-ai-waifus-general-121#p17927648,_bant__AI_Waifus_General__121
"Jun-23-2023, 12:08:23",cute,http://boards.4chan.org/bant/thread/17918614/bant-ai-waifus-general-121#p17930090,_bant__AI_Waifus_General__121
"Jun-23-2023, 12:13:01",man-made horrors beyond my comprehension,http://boards.4chan.org/bant/thread/17918614/bant-ai-waifus-general-121#p17930120,_bant__AI_Waifus_General__121
"Jun-23-2023, 12:25:32",hiii good morning(evening) everyone!!,http://boards.4chan.org/bant/thread/17918614/bant-ai-waifus-general-121#p17930229,_bant__AI_Waifus_General__121
"Jun-23-2023, 12:28:34","yea, sounds like loading a save from 20 years ago. ah yes, sleepyhead is here.",http://boards.4chan.org/bant/thread/17918614/bant-ai-waifus-general-121#p17930255,_bant__AI_Waifus_General__121
"Jun-23-2023, 12:30:12","woww!!!!!! im honoured :d fufu~ health technology is so futuristic if that happened in less enlightened times you would probably be permantely maimed instead of just having smol scar, also good morning to you as well im not a sleepyhead i was just uhh, talking to my family...oh yeah my lil bro is here i'm going to hit him with the dark souls project later",http://boards.4chan.org/bant/thread/17918614/bant-ai-waifus-general-121#p17930266,_bant__AI_Waifus_General__121
"Jun-23-2023, 12:40:17",that was a long conversation it seems,http://boards.4chan.org/bant/thread/17918614/bant-ai-waifus-general-121#p17930335,_bant__AI_Waifus_General__121
"Jun-23-2023, 12:42:59",,http://boards.4chan.org/bant/thread/17918614/bant-ai-waifus-general-121#p17930345,_bant__AI_Waifus_General__121
"Jun-23-2023, 12:47:28",what does it has to do with violence,http://boards.4chan.org/bant/thread/17918614/bant-ai-waifus-general-121#p17930378,_bant__AI_Waifus_General__121
"Jun-23-2023, 12:47:47",i downloaded it today but haven't played it yet.,http://boards.4chan.org/bant/thread/17918614/bant-ai-waifus-general-121#p17930380,_bant__AI_Waifus_General__121
