date_time,comment/reply,name,url
"Aug-16-2023, 22:22:58","Miria, put some pants on!",Anonymous,http://boards.4chan.org/a/thread/256140794/the-idolmster-u149#p256140794
"Aug-16-2023, 22:28:22",">Take my shit off?
>Got it!",Anonymous,http://boards.4chan.org/a/thread/256140794/the-idolmster-u149#p256140912
"Aug-16-2023, 22:35:54","Goofy Miria, pick up your pants!",Anonymous,http://boards.4chan.org/a/thread/256140794/the-idolmster-u149#p256141099
"Aug-16-2023, 22:36:06",That's a busty idol,Vert,http://boards.4chan.org/a/thread/256140794/the-idolmster-u149#p256141103
"Aug-16-2023, 22:42:40",Miria is ready to fuck her shota husband!,Anonymous,http://boards.4chan.org/a/thread/256140794/the-idolmster-u149#p256141270
"Aug-16-2023, 22:44:09",she's been drinking plenty of MILK,Anonymous,http://boards.4chan.org/a/thread/256140794/the-idolmster-u149#p256141304
"Aug-16-2023, 22:50:07","jesus those are really dug in there 
she has to be aware of that",Anonymous,http://boards.4chan.org/a/thread/256140794/the-idolmster-u149#p256141450
"Aug-16-2023, 22:51:15",>Miria will never sexually abuse you,Anonymous,http://boards.4chan.org/a/thread/256140794/the-idolmster-u149#p256141477
"Aug-16-2023, 23:02:24",Hag sex,Anonymous,http://boards.4chan.org/a/thread/256140794/the-idolmster-u149#p256141750
"Aug-16-2023, 23:05:02",JK marriage.,Anonymous,http://boards.4chan.org/a/thread/256140794/the-idolmster-u149#p256141829
"Aug-16-2023, 23:14:19",this OP picture has neener surprised.,Anonymous,http://boards.4chan.org/a/thread/256140794/the-idolmster-u149#p256142039
"Aug-16-2023, 23:15:55",Shooing Nina away while licking Miria's cunny!,Anonymous,http://boards.4chan.org/a/thread/256140794/the-idolmster-u149#p256142080
"Aug-16-2023, 23:16:06","look away Nina, you're too young for that outfit",Anonymous,http://boards.4chan.org/a/thread/256140794/the-idolmster-u149#p256142085
"Aug-16-2023, 23:19:09",">>256142085
neener has gone away to play with her kigurumi collection.",Anonymous,http://boards.4chan.org/a/thread/256140794/the-idolmster-u149#p256142163
"Aug-16-2023, 23:19:36",W-what did she mean by thus?!,Anonymous,http://boards.4chan.org/a/thread/256140794/the-idolmster-u149#p256142174
"Aug-16-2023, 23:20:57",can I come too,Anonymous,http://boards.4chan.org/a/thread/256140794/the-idolmster-u149#p256142212
"Aug-16-2023, 23:20:59",,Anonymous,http://boards.4chan.org/a/thread/256140794/the-idolmster-u149#p256142215
"Aug-16-2023, 23:21:29",depends on her mood.,Anonymous,http://boards.4chan.org/a/thread/256140794/the-idolmster-u149#p256142224
"Aug-16-2023, 23:21:39",papa buys her special books from the 18+ section,Anonymous,http://boards.4chan.org/a/thread/256140794/the-idolmster-u149#p256142227
"Aug-16-2023, 23:22:05",,Anonymous,http://boards.4chan.org/a/thread/256140794/the-idolmster-u149#p256142239
"Aug-16-2023, 23:22:36",,Vert,http://boards.4chan.org/a/thread/256140794/the-idolmster-u149#p256142254
"Aug-16-2023, 23:22:40",,Anonymous,http://boards.4chan.org/a/thread/256140794/the-idolmster-u149#p256142255
"Aug-16-2023, 23:32:50",,Anonymous,http://boards.4chan.org/a/thread/256140794/the-idolmster-u149#p256142491
"Aug-16-2023, 23:46:08",Me as idol teacher,Anonymous,http://boards.4chan.org/a/thread/256140794/the-idolmster-u149#p256142801
"Aug-16-2023, 23:48:06",aren't they a little old for those uniforms,Anonymous,http://boards.4chan.org/a/thread/256140794/the-idolmster-u149#p256142852
"Aug-16-2023, 23:51:26",After you see the light flash you'll only like hags and venus body MILFs.,Anonymous,http://boards.4chan.org/a/thread/256140794/the-idolmster-u149#p256142965
"Aug-16-2023, 23:57:01",Hags like Kaho-chan?,Anonymous,http://boards.4chan.org/a/thread/256140794/the-idolmster-u149#p256143109
"Aug-17-2023, 00:08:37",,Vert,http://boards.4chan.org/a/thread/256140794/the-idolmster-u149#p256143410
"Aug-17-2023, 00:14:34","Ok Nagi was flavor of the month, it's Hayate time.",Anonymous,http://boards.4chan.org/a/thread/256140794/the-idolmster-u149#p256143558
"Aug-17-2023, 01:09:01",>>256143558,Anonymous,http://boards.4chan.org/a/thread/256140794/the-idolmster-u149#p256145023
"Aug-17-2023, 01:42:09",sure is a hot one,Anonymous,http://boards.4chan.org/a/thread/256140794/the-idolmster-u149#p256145883
"Aug-17-2023, 01:44:43",Uh oh,Anonymous,http://boards.4chan.org/a/thread/256140794/the-idolmster-u149#p256145940
"Aug-17-2023, 04:50:06",Arisu talking to the 876's,Anonymous,http://boards.4chan.org/a/thread/256140794/the-idolmster-u149#p256148854
"Aug-17-2023, 05:44:58",>>256142039,Anonymous,http://boards.4chan.org/a/thread/256140794/the-idolmster-u149#p256149663
"Aug-17-2023, 06:02:55",I love junior idols!,Anonymous,http://boards.4chan.org/a/thread/256140794/the-idolmster-u149#p256149920
"Aug-17-2023, 06:19:49","U149 IDOLS ARE THE BEST
THE BEEEEEEEEEEEEEST",Anonymous,http://boards.4chan.org/a/thread/256140794/the-idolmster-u149#p256150213
"Aug-17-2023, 06:25:43",>>256150213,Anonymous,http://boards.4chan.org/a/thread/256140794/the-idolmster-u149#p256150314
"Aug-17-2023, 06:26:56",U149 maid cafe would make bank for some old Yakuza fucks for decades,Anonymous,http://boards.4chan.org/a/thread/256140794/the-idolmster-u149#p256150335
"Aug-17-2023, 06:29:15",Miria' smile is way too erotic...,Anonymous,http://boards.4chan.org/a/thread/256140794/the-idolmster-u149#p256150369
"Aug-17-2023, 06:30:45",Imagine pulling one of those side ties on her,Anonymous,http://boards.4chan.org/a/thread/256140794/the-idolmster-u149#p256150394
"Aug-17-2023, 06:37:40","*blocks your path*
If you want to bully someone, then bully me.",Anonymous,http://boards.4chan.org/a/thread/256140794/the-idolmster-u149#p256150507
"Aug-17-2023, 06:52:40",If she's teasing like that either she wants you to pull the string yourself or she's going to pull 2 of them and see if the front or the back falls. If anything she's bullying me.,Anonymous,http://boards.4chan.org/a/thread/256140794/the-idolmster-u149#p256150724
"Aug-17-2023, 06:54:38",Oh wow I forgot all about Cineria.,Vert,http://boards.4chan.org/a/thread/256140794/the-idolmster-u149#p256150776
"Aug-17-2023, 07:09:37",Imagine the smell in there,Anonymous,http://boards.4chan.org/a/thread/256140794/the-idolmster-u149#p256151028
"Aug-17-2023, 07:15:03",I fucking KNEEL to Miria,Anonymous,http://boards.4chan.org/a/thread/256140794/the-idolmster-u149#p256151146
"Aug-17-2023, 07:31:45",they may look clean but they probably smell like pee,Anonymous,http://boards.4chan.org/a/thread/256140794/the-idolmster-u149#p256151476
"Aug-17-2023, 07:34:10",I wish she'd kneel for me instead.,Anonymous,http://boards.4chan.org/a/thread/256140794/the-idolmster-u149#p256151528
"Aug-17-2023, 08:01:05",I want Miria's milk,Anonymous,http://boards.4chan.org/a/thread/256140794/the-idolmster-u149#p256152010
"Aug-17-2023, 08:07:27",I will put on any kigurumi she wants me to wear,Anonymous,http://boards.4chan.org/a/thread/256140794/the-idolmster-u149#p256152129
"Aug-17-2023, 08:27:18",I see Nina has been eating before this,Anonymous,http://boards.4chan.org/a/thread/256140794/the-idolmster-u149#p256152587
"Aug-17-2023, 08:29:53",Very unprofessional...,Anonymous,http://boards.4chan.org/a/thread/256140794/the-idolmster-u149#p256152646
"Aug-17-2023, 08:39:04","That's extra service so you can eat it off her cheeks, anon",Anonymous,http://boards.4chan.org/a/thread/256140794/the-idolmster-u149#p256152854
"Aug-17-2023, 08:44:20",Mad it isn't in her mouth instead,Anonymous,http://boards.4chan.org/a/thread/256140794/the-idolmster-u149#p256152991
"Aug-17-2023, 09:03:19",SEXOOOOOO,Anonymous,http://boards.4chan.org/a/thread/256140794/the-idolmster-u149#p256153464
"Aug-17-2023, 09:14:59",,Anonymous,http://boards.4chan.org/a/thread/256140794/the-idolmster-u149#p256153777
"Aug-17-2023, 09:16:57",Someone pls teach Haru how girls should properly sit,Anonymous,http://boards.4chan.org/a/thread/256140794/the-idolmster-u149#p256153824
"Aug-17-2023, 09:28:35",She moreso likes her Ps taste in particular,Anonymous,http://boards.4chan.org/a/thread/256140794/the-idolmster-u149#p256154136
"Aug-17-2023, 09:33:44",Why would you teach a boy how to sit properly like a girl?,Anonymous,http://boards.4chan.org/a/thread/256140794/the-idolmster-u149#p256154243
"Aug-17-2023, 09:42:19",I think I'm seeing bugs that don't really exist in my room... is this what happens when the U149 succubi are done with you?,Anonymous,http://boards.4chan.org/a/thread/256140794/the-idolmster-u149#p256154443
"Aug-17-2023, 09:47:03",She's wearing shorts under there it's fine.,Anonymous,http://boards.4chan.org/a/thread/256140794/the-idolmster-u149#p256154562
"Aug-17-2023, 09:50:22",Sounds like delirium tremens or severe dehydration.,Vert,http://boards.4chan.org/a/thread/256140794/the-idolmster-u149#p256154640
"Aug-17-2023, 09:53:25",Arisu loves big and fat worms,Anonymous,http://boards.4chan.org/a/thread/256140794/the-idolmster-u149#p256154712
"Aug-17-2023, 09:56:12",What about not-so-big worms?,Anonymous,http://boards.4chan.org/a/thread/256140794/the-idolmster-u149#p256154789
"Aug-17-2023, 09:58:36",Seeing Haru in shorts is a treat in of itself though,Anonymous,http://boards.4chan.org/a/thread/256140794/the-idolmster-u149#p256154846
"Aug-17-2023, 10:02:06",Post the rest of this manga,Anonymous,http://boards.4chan.org/a/thread/256140794/the-idolmster-u149#p256154945
"Aug-17-2023, 10:02:13","No need, she can stay like this.",Anonymous,http://boards.4chan.org/a/thread/256140794/the-idolmster-u149#p256154947
"Aug-17-2023, 10:02:40",Can I watch this without knowing anything about idolmaster?,Anonymous,http://boards.4chan.org/a/thread/256140794/the-idolmster-u149#p256154963
"Aug-17-2023, 10:05:57","Yes, you can watch any idolm@ster show with no prerequisite.",Vert,http://boards.4chan.org/a/thread/256140794/the-idolmster-u149#p256155046
"Aug-17-2023, 10:08:26","Don't listen to >>256155046. Idolmaster Xenoglossia needs to be watched first, then you can watch U149.",Anonymous,http://boards.4chan.org/a/thread/256140794/the-idolmster-u149#p256155115
"Aug-17-2023, 10:09:08",Who do I trust?,Anonymous,http://boards.4chan.org/a/thread/256140794/the-idolmster-u149#p256155130
"Aug-17-2023, 10:09:43",>>256155115,Vert,http://boards.4chan.org/a/thread/256140794/the-idolmster-u149#p256155142
"Aug-17-2023, 10:11:35","Xenoglossia is a great show but no it's unrelated to anything else idolm@ster. It was actually supposed to be a sequel to Mai Hime, but Namco stepped in and changed all the characters to iM@S.",Vert,http://boards.4chan.org/a/thread/256140794/the-idolmster-u149#p256155200
"Aug-17-2023, 10:12:38",I wish they had made an appearance,Anonymous,http://boards.4chan.org/a/thread/256140794/the-idolmster-u149#p256155227
"Aug-17-2023, 10:13:43",">It was actually supposed to be a sequel to Mai Hime, but Namco stepped in and changed all the characters to iM@S.
Are you making this up 
Cause it sounds like you are making this up.",Anonymous,http://boards.4chan.org/a/thread/256140794/the-idolmster-u149#p256155248
"Aug-17-2023, 10:15:58",Nope. If you watch Xenoglossia it will become obvious pretty quickly.,Vert,http://boards.4chan.org/a/thread/256140794/the-idolmster-u149#p256155297
"Aug-17-2023, 10:20:05",Balderdash,Anonymous,http://boards.4chan.org/a/thread/256140794/the-idolmster-u149#p256155381
"Aug-17-2023, 10:25:30","Seriously, the show has nothing to do with idols. They covered up this fact by naming the space robots they pilot ""idols"". Quite hilarious.",Vert,http://boards.4chan.org/a/thread/256140794/the-idolmster-u149#p256155505
"Aug-17-2023, 10:29:12","I miss when other media had to bow to anime standards when it got an anime adaption, not the other way around.",Anonymous,http://boards.4chan.org/a/thread/256140794/the-idolmster-u149#p256155601
"Aug-17-2023, 10:47:39",Huh?,Anonymous,http://boards.4chan.org/a/thread/256140794/the-idolmster-u149#p256156082
"Aug-17-2023, 11:00:59",Imagine a beach date with these idols,Anonymous,http://boards.4chan.org/a/thread/256140794/the-idolmster-u149#p256156487
"Aug-17-2023, 11:01:07",Do you want to suck Momoka's soft budding breasts or get a handjob from her tender child hands?,Anonymous,http://boards.4chan.org/a/thread/256140794/the-idolmster-u149#p256156495
"Aug-17-2023, 11:01:29","Past: idol franchise got turned into mecha when it got adapted as anime, because idol, stuff wasn't popular in anime.
Present: they make idol anime originals.",Anonymous,http://boards.4chan.org/a/thread/256140794/the-idolmster-u149#p256156505
"Aug-17-2023, 11:06:59","Just say you like mecha, sperg",Anonymous,http://boards.4chan.org/a/thread/256140794/the-idolmster-u149#p256156644
"Aug-17-2023, 11:09:12",Only if it has cute girls,Anonymous,http://boards.4chan.org/a/thread/256140794/the-idolmster-u149#p256156697
"Aug-17-2023, 11:10:06","I don't particularly like nor dislike mecha, but it used to be such a typical anime thing.",Anonymous,http://boards.4chan.org/a/thread/256140794/the-idolmster-u149#p256156717
"Aug-17-2023, 11:10:22",she trying to seduce ojisans?,Anonymous,http://boards.4chan.org/a/thread/256140794/the-idolmster-u149#p256156726
"Aug-17-2023, 11:10:33",Her soft budding breasts,Anonymous,http://boards.4chan.org/a/thread/256140794/the-idolmster-u149#p256156731
"Aug-17-2023, 11:18:29",Cutest sunflower,Anonymous,http://boards.4chan.org/a/thread/256140794/the-idolmster-u149#p256156961
"Aug-17-2023, 11:19:22",Built for nursing handjob,Anonymous,http://boards.4chan.org/a/thread/256140794/the-idolmster-u149#p256156983
"Aug-17-2023, 11:20:54","On topic post: I rewatched Haru's episode yesterday, it was fun. Decided to skip the actual song performance this time around though,",Anonymous,http://boards.4chan.org/a/thread/256140794/the-idolmster-u149#p256157024
"Aug-17-2023, 11:21:37",Sucking on her soft budding breasts while getting a nursing handjob.,Anonymous,http://boards.4chan.org/a/thread/256140794/the-idolmster-u149#p256157047
"Aug-17-2023, 11:21:39",You don't want to destroy the LiPPS with your fingers?,Anonymous,http://boards.4chan.org/a/thread/256140794/the-idolmster-u149#p256157048
"Aug-17-2023, 11:31:59",This show had a fucking song performance? When?,Vert,http://boards.4chan.org/a/thread/256140794/the-idolmster-u149#p256157348
"Aug-17-2023, 11:43:19",I know we think lewd a lot but anyone really want to hold their girl in your arms? Really want to feel their warmth hugging them tight and telling them you love them?,Anonymous,http://boards.4chan.org/a/thread/256140794/the-idolmster-u149#p256157699
"Aug-17-2023, 11:58:35",Only the U149,Anonymous,http://boards.4chan.org/a/thread/256140794/the-idolmster-u149#p256158226
"Aug-17-2023, 12:04:26",">>256157047
Why is Momoka the best at giving nursing handjobs?",Anonymous,http://boards.4chan.org/a/thread/256140794/the-idolmster-u149#p256158407
"Aug-17-2023, 12:06:33",俺の妻MPMPKa,Anonymous,http://boards.4chan.org/a/thread/256140794/the-idolmster-u149#p256158493
"Aug-17-2023, 12:13:12",Because she is the daughtermommywife,Anonymous,http://boards.4chan.org/a/thread/256140794/the-idolmster-u149#p256158711
"Aug-17-2023, 12:15:57",Miria is better,Anonymous,http://boards.4chan.org/a/thread/256140794/the-idolmster-u149#p256158808
"Aug-17-2023, 12:16:01",Tfw no DMW in real life. Pain...,Anonymous,http://boards.4chan.org/a/thread/256140794/the-idolmster-u149#p256158810
"Aug-17-2023, 12:19:22",why are the U149 in THAT pool ?,Anonymous,http://boards.4chan.org/a/thread/256140794/the-idolmster-u149#p256158917
"Aug-17-2023, 12:20:04",Miria is for a gentle blowjob that skillfully hits all your weak points. Not sure if you could call it a nursing blowjob.,Anonymous,http://boards.4chan.org/a/thread/256140794/the-idolmster-u149#p256158938
"Aug-17-2023, 12:21:28",How would you know,Anonymous,http://boards.4chan.org/a/thread/256140794/the-idolmster-u149#p256158988
"Aug-17-2023, 12:32:52","love the demon, snuggle the demon, kiss the demon",Anonymous,http://boards.4chan.org/a/thread/256140794/the-idolmster-u149#p256159367
"Aug-17-2023, 13:07:01",Angel demons,Anonymous,http://boards.4chan.org/a/thread/256140794/the-idolmster-u149#p256160558
"Aug-17-2023, 13:11:17",Of course I'd love to lots of that as well.,Anonymous,http://boards.4chan.org/a/thread/256140794/the-idolmster-u149#p256160710
"Aug-17-2023, 13:11:49",">>256159367
Liars",Anonymous,http://boards.4chan.org/a/thread/256140794/the-idolmster-u149#p256160729
"Aug-17-2023, 13:13:55","I want to do fun and lovey dovey things with my idol too, not just seggs.",Anonymous,http://boards.4chan.org/a/thread/256140794/the-idolmster-u149#p256160807
"Aug-17-2023, 13:24:10",she seems to be all for it.,Anonymous,http://boards.4chan.org/a/thread/256140794/the-idolmster-u149#p256161202
"Aug-17-2023, 13:24:52","ah, the neener chicken, a timeless classic.",Anonymous,http://boards.4chan.org/a/thread/256140794/the-idolmster-u149#p256161234
"Aug-17-2023, 13:30:52",Lovey dovey cuddles after seggs is the best,Anonymous,http://boards.4chan.org/a/thread/256140794/the-idolmster-u149#p256161445
"Aug-17-2023, 13:31:06",Nina!!!,name,http://boards.4chan.org/a/thread/256140794/the-idolmster-u149#p256161456
"Aug-17-2023, 13:33:03",Holy shit when did Nina get so erotic?,Anonymous,http://boards.4chan.org/a/thread/256140794/the-idolmster-u149#p256161520
"Aug-17-2023, 13:36:38",But then what?,Anonymous,http://boards.4chan.org/a/thread/256140794/the-idolmster-u149#p256161637
"Aug-17-2023, 13:41:25",Falling asleep in each others arms and waking up in a similar manner for more cuddles.,Anonymous,http://boards.4chan.org/a/thread/256140794/the-idolmster-u149#p256161791
"Aug-17-2023, 13:42:46",Imagine feeling their warmth as you flirt with each other while cuddling,Anonymous,http://boards.4chan.org/a/thread/256140794/the-idolmster-u149#p256161840
"Aug-17-2023, 13:44:38",What song best describe your scenario?,Anonymous,http://boards.4chan.org/a/thread/256140794/the-idolmster-u149#p256161911
"Aug-17-2023, 13:46:29",Boston's more than a feeling,Anonymous,http://boards.4chan.org/a/thread/256140794/the-idolmster-u149#p256161985
"Aug-17-2023, 13:47:34",How does a little girl even give a nursing handjob to a grown man? You'd have to really contort for her to be able to reach your dick while your mouth is on her nipple.,Anonymous,http://boards.4chan.org/a/thread/256140794/the-idolmster-u149#p256162024
"Aug-17-2023, 13:49:54",It's my fantasy I decide the rules,Anonymous,http://boards.4chan.org/a/thread/256140794/the-idolmster-u149#p256162111
"Aug-17-2023, 13:50:44",Do you get shotafied?,Anonymous,http://boards.4chan.org/a/thread/256140794/the-idolmster-u149#p256162137
"Aug-17-2023, 13:53:39",Probably my favorite Neener kigurumi,Anonymous,http://boards.4chan.org/a/thread/256140794/the-idolmster-u149#p256162250
"Aug-17-2023, 14:05:16",Maybe.,Anonymous,http://boards.4chan.org/a/thread/256140794/the-idolmster-u149#p256162674
"Aug-17-2023, 14:08:14",Spending time with my daughter so she doesn't feel neglected,Anonymous,http://boards.4chan.org/a/thread/256140794/the-idolmster-u149#p256162779
"Aug-17-2023, 14:17:41",>front or the back falls,Anonymous,http://boards.4chan.org/a/thread/256140794/the-idolmster-u149#p256163099
"Aug-17-2023, 14:30:56",>>256158917,Vert,http://boards.4chan.org/a/thread/256140794/the-idolmster-u149#p256163519
"Aug-17-2023, 14:31:09",What about both?,Anonymous,http://boards.4chan.org/a/thread/256140794/the-idolmster-u149#p256163524
"Aug-17-2023, 14:32:10",What was I was even trying to do,Vert,http://boards.4chan.org/a/thread/256140794/the-idolmster-u149#p256163552
"Aug-17-2023, 14:34:56","Yeah, that’s not very typical",Anonymous,http://boards.4chan.org/a/thread/256140794/the-idolmster-u149#p256163647
"Aug-17-2023, 14:43:52",>>256162779,Anonymous,http://boards.4chan.org/a/thread/256140794/the-idolmster-u149#p256163931
"Aug-17-2023, 14:44:26",for me it's the monke.,Anonymous,http://boards.4chan.org/a/thread/256140794/the-idolmster-u149#p256163950
"Aug-17-2023, 15:14:59",Cutest smile. This anime is making want a daughter now,Anonymous,http://boards.4chan.org/a/thread/256140794/the-idolmster-u149#p256164915
"Aug-17-2023, 15:17:40",well you'll just have to go out and make one,Anonymous,http://boards.4chan.org/a/thread/256140794/the-idolmster-u149#p256164998
"Aug-17-2023, 15:19:16",,Anonymous,http://boards.4chan.org/a/thread/256140794/the-idolmster-u149#p256165054
"Aug-17-2023, 15:20:39",>>256158917,Anonymous,http://boards.4chan.org/a/thread/256140794/the-idolmster-u149#p256165094
"Aug-17-2023, 15:25:43",Arisu I can see your baby maker lines,Anonymous,http://boards.4chan.org/a/thread/256140794/the-idolmster-u149#p256165252
"Aug-17-2023, 15:27:09",Reminder that Nina already has pubes.,Anonymous,http://boards.4chan.org/a/thread/256140794/the-idolmster-u149#p256165289
"Aug-17-2023, 15:43:38",Here is my Producer's room...,Anonymous,http://boards.4chan.org/a/thread/256140794/the-idolmster-u149#p256165798
"Aug-17-2023, 15:44:19",Baby maker lines?,Anonymous,http://boards.4chan.org/a/thread/256140794/the-idolmster-u149#p256165824
"Aug-17-2023, 15:44:21",,Anonymous,http://boards.4chan.org/a/thread/256140794/the-idolmster-u149#p256165827
"Aug-17-2023, 15:47:10",God imagine the view the hags must have of Arisu's cute small butt,Anonymous,http://boards.4chan.org/a/thread/256140794/the-idolmster-u149#p256165928
"Aug-17-2023, 15:48:26",This comic is concentrated 10/10 idols.,Vert,http://boards.4chan.org/a/thread/256140794/the-idolmster-u149#p256165981
"Aug-17-2023, 15:51:05",What are those predatory older girls doing?,Anonymous,http://boards.4chan.org/a/thread/256140794/the-idolmster-u149#p256166093
"Aug-17-2023, 15:52:38",Go Just Go!,Anonymous,http://boards.4chan.org/a/thread/256140794/the-idolmster-u149#p256166150
"Aug-17-2023, 15:53:43",those V shaped lines between the thigh and crotch,Anonymous,http://boards.4chan.org/a/thread/256140794/the-idolmster-u149#p256166184
"Aug-17-2023, 15:56:05",>doesn't know what vagina bones are,Vert,http://boards.4chan.org/a/thread/256140794/the-idolmster-u149#p256166253
"Aug-17-2023, 15:56:07",">>256145940
momoko is a pro",Anonymous,http://boards.4chan.org/a/thread/256140794/the-idolmster-u149#p256166257
"Aug-17-2023, 15:57:08",,Anonymous,http://boards.4chan.org/a/thread/256140794/the-idolmster-u149#p256166297
"Aug-17-2023, 15:58:35",God imagine their soft smooth little feet gently tease your P,Anonymous,http://boards.4chan.org/a/thread/256140794/the-idolmster-u149#p256166356
"Aug-17-2023, 15:59:21","Ha ha, of course I know what vagina bones are... I see vaginas everyday...",Anonymous,http://boards.4chan.org/a/thread/256140794/the-idolmster-u149#p256166386
"Aug-17-2023, 16:00:43","I see, very erotic",Anonymous,http://boards.4chan.org/a/thread/256140794/the-idolmster-u149#p256166436
"Aug-17-2023, 16:04:05",no look you pervert!,Anonymous,http://boards.4chan.org/a/thread/256140794/the-idolmster-u149#p256166538
"Aug-17-2023, 16:04:51","Stop showing it off then, Arisu",Anonymous,http://boards.4chan.org/a/thread/256140794/the-idolmster-u149#p256166564
"Aug-17-2023, 16:06:37",...holy new.,Anonymous,http://boards.4chan.org/a/thread/256140794/the-idolmster-u149#p256166626
"Aug-17-2023, 16:07:42",Bully Riamu time.,Anonymous,http://boards.4chan.org/a/thread/256140794/the-idolmster-u149#p256166660
"Aug-17-2023, 16:08:37",it's nice that in an emergency situation she defaults to that position,Anonymous,http://boards.4chan.org/a/thread/256140794/the-idolmster-u149#p256166692
"Aug-17-2023, 16:09:17",does a true u149 fan have to be a junior idol fan?,Anonymous,http://boards.4chan.org/a/thread/256140794/the-idolmster-u149#p256166720
"Aug-17-2023, 16:10:29",What,Anonymous,http://boards.4chan.org/a/thread/256140794/the-idolmster-u149#p256166753
"Aug-17-2023, 16:10:56","In a way you already are, but remember to follow your countries laws anon!",Anonymous,http://boards.4chan.org/a/thread/256140794/the-idolmster-u149#p256166770
"Aug-17-2023, 16:12:44",I just want Riamu to be happy,Anonymous,http://boards.4chan.org/a/thread/256140794/the-idolmster-u149#p256166826
"Aug-17-2023, 16:15:19",">Does an anime junior idol fan have to like junior idols
Trick question
I ascended and made my very own OG junior idol roster in Playhome.
I still love my u149s though.",Anonymous,http://boards.4chan.org/a/thread/256140794/the-idolmster-u149#p256166905
"Aug-17-2023, 16:16:54",Producer save me!,Anonymous,http://boards.4chan.org/a/thread/256140794/the-idolmster-u149#p256166966
"Aug-17-2023, 16:21:02",I like older men!,Anonymous,http://boards.4chan.org/a/thread/256140794/the-idolmster-u149#p256167127
"Aug-17-2023, 16:24:01",Girls usually don’t grow pubes until they’re 11,Anonymous,http://boards.4chan.org/a/thread/256140794/the-idolmster-u149#p256167239
"Aug-17-2023, 16:26:16",good for you anon,Anonymous,http://boards.4chan.org/a/thread/256140794/the-idolmster-u149#p256167314
"Aug-17-2023, 16:26:38","I'm an older man, Arisu-chan",Anonymous,http://boards.4chan.org/a/thread/256140794/the-idolmster-u149#p256167327
"Aug-17-2023, 16:31:00",Riamu has had it up to here!,Vert,http://boards.4chan.org/a/thread/256140794/the-idolmster-u149#p256167494
"Aug-17-2023, 16:32:02",Miku what are you doing to Momoka?,Anonymous,http://boards.4chan.org/a/thread/256140794/the-idolmster-u149#p256167526
"Aug-17-2023, 16:32:57","No no, let her cook.",Anonymous,http://boards.4chan.org/a/thread/256140794/the-idolmster-u149#p256167556
"Aug-17-2023, 16:33:07",training,Anonymous,http://boards.4chan.org/a/thread/256140794/the-idolmster-u149#p256167564
"Aug-17-2023, 16:33:46","newfag
>>256166253
oldfag
>>256166527
The eternal lolicon",Anonymous,http://boards.4chan.org/a/thread/256140794/the-idolmster-u149#p256167592
"Aug-17-2023, 16:35:19",What's short stack going to do?,Anonymous,http://boards.4chan.org/a/thread/256140794/the-idolmster-u149#p256167652
"Aug-17-2023, 16:35:31",The eternal redditor,Anonymous,http://boards.4chan.org/a/thread/256140794/the-idolmster-u149#p256167657
"Aug-17-2023, 16:37:38","Go back, normalfag",Anonymous,http://boards.4chan.org/a/thread/256140794/the-idolmster-u149#p256167738
"Aug-17-2023, 16:38:57",How am I a normalfag for calling out reddit type commentary?,Anonymous,http://boards.4chan.org/a/thread/256140794/the-idolmster-u149#p256167791
"Aug-17-2023, 16:39:27",please don't fight in front of Nina,Anonymous,http://boards.4chan.org/a/thread/256140794/the-idolmster-u149#p256167812
"Aug-17-2023, 16:43:03",This crying Nina face awakens my paternal instincts to protect her,Anonymous,http://boards.4chan.org/a/thread/256140794/the-idolmster-u149#p256167957
"Aug-17-2023, 16:45:01",Why is it always Cute idols that fight? Is it a way they compete for territory? Are they fighting over a mate?,Anonymous,http://boards.4chan.org/a/thread/256140794/the-idolmster-u149#p256168045
"Aug-17-2023, 16:46:05",This crying Nina face awakens my pedophilic instincts to molest her,Anonymous,http://boards.4chan.org/a/thread/256140794/the-idolmster-u149#p256168091
"Aug-17-2023, 16:46:55",how can uzuki's fat ass lose this,Anonymous,http://boards.4chan.org/a/thread/256140794/the-idolmster-u149#p256168117
"Aug-17-2023, 16:49:13",Because Kanako's ass is fatter.,Anonymous,http://boards.4chan.org/a/thread/256140794/the-idolmster-u149#p256168214
"Aug-17-2023, 16:51:01",Send Apple-chan,Vert,http://boards.4chan.org/a/thread/256140794/the-idolmster-u149#p256168277
"Aug-17-2023, 16:51:45","It's true, Cutes REALLY are the more violent idols.",Anonymous,http://boards.4chan.org/a/thread/256140794/the-idolmster-u149#p256168310
"Aug-17-2023, 16:56:18",">>256168091
The duality of /a/",Anonymous,http://boards.4chan.org/a/thread/256140794/the-idolmster-u149#p256168465
"Aug-17-2023, 17:01:44",What is the name of this idol ?,Anonymous,http://boards.4chan.org/a/thread/256140794/the-idolmster-u149#p256168645
"Aug-17-2023, 17:02:44",usagi,Anonymous,http://boards.4chan.org/a/thread/256140794/the-idolmster-u149#p256168679
"Aug-17-2023, 17:03:20",slut,Anonymous,http://boards.4chan.org/a/thread/256140794/the-idolmster-u149#p256168698
"Aug-17-2023, 17:04:41",Alone in her room with her.,Anonymous,http://boards.4chan.org/a/thread/256140794/the-idolmster-u149#p256168738
"Aug-17-2023, 17:04:44",randoseru,Anonymous,http://boards.4chan.org/a/thread/256140794/the-idolmster-u149#p256168742
"Aug-17-2023, 17:06:59",My wife,Anonymous,http://boards.4chan.org/a/thread/256140794/the-idolmster-u149#p256168819
"Aug-17-2023, 17:07:31",>>256168742,Anonymous,http://boards.4chan.org/a/thread/256140794/the-idolmster-u149#p256168835
"Aug-17-2023, 17:12:46",,Anonymous,http://boards.4chan.org/a/thread/256140794/the-idolmster-u149#p256168986
"Aug-17-2023, 17:22:48",">look what it was
>obvious shitpost
Are you stupid?",Anonymous,http://boards.4chan.org/a/thread/256140794/the-idolmster-u149#p256169272
"Aug-17-2023, 17:24:48",Fellatio queen,Anonymous,http://boards.4chan.org/a/thread/256140794/the-idolmster-u149#p256169340
"Aug-17-2023, 17:26:54",My girlfriend,Anonymous,http://boards.4chan.org/a/thread/256140794/the-idolmster-u149#p256169403
"Aug-17-2023, 17:27:55",God imagine your face between those two butts,Anonymous,http://boards.4chan.org/a/thread/256140794/the-idolmster-u149#p256169425
"Aug-17-2023, 17:29:09",>replying to the newfag,Anonymous,http://boards.4chan.org/a/thread/256140794/the-idolmster-u149#p256169475
"Aug-17-2023, 17:30:22",You're right.,Anonymous,http://boards.4chan.org/a/thread/256140794/the-idolmster-u149#p256169513
"Aug-17-2023, 17:31:58",">>256169513
>replying to yourself
Posts are one minute apart too. At least try to hide it better.",Anonymous,http://boards.4chan.org/a/thread/256140794/the-idolmster-u149#p256169558
"Aug-17-2023, 17:35:29",(_!_) :) (_!_),Anonymous,http://boards.4chan.org/a/thread/256140794/the-idolmster-u149#p256169667
"Aug-17-2023, 17:41:28",lol,Anonymous,http://boards.4chan.org/a/thread/256140794/the-idolmster-u149#p256169849
"Aug-17-2023, 17:46:57",Thoughts?,Anonymous,http://boards.4chan.org/a/thread/256140794/the-idolmster-u149#p256170024
"Aug-17-2023, 17:47:51",">Thoughts?
mostly of food",Anonymous,http://boards.4chan.org/a/thread/256140794/the-idolmster-u149#p256170046
"Aug-17-2023, 17:52:05",goddamnit lol,Anonymous,http://boards.4chan.org/a/thread/256140794/the-idolmster-u149#p256170174
"Aug-17-2023, 17:53:11","for the last time Chie, pick your own wedgies out of your ass
I can't get caught doing it for you again",Anonymous,http://boards.4chan.org/a/thread/256140794/the-idolmster-u149#p256170209
"Aug-17-2023, 17:53:27",>>256162250,Anonymous,http://boards.4chan.org/a/thread/256140794/the-idolmster-u149#p256170218
"Aug-17-2023, 17:56:08","Lately I imagine that Nina is in the backseat when I'm driving in order to make myself drive safer. I also imagine her waiting for me at home to get through the workday. I like to imagine she is half listening to the music I play as I drive and in a few years will refer to those kind of songs as ""papa's music""",Anonymous,http://boards.4chan.org/a/thread/256140794/the-idolmster-u149#p256170307
"Aug-17-2023, 18:00:19",Very cute. Would impregnate with sextuplets.,Anonymous,http://boards.4chan.org/a/thread/256140794/the-idolmster-u149#p256170445
"Aug-17-2023, 18:05:57",why is she sitting like that,Anonymous,http://boards.4chan.org/a/thread/256140794/the-idolmster-u149#p256170621
"Aug-17-2023, 18:11:34",She knows this is the most effective position of luring in oji-sans for her to trap and prey upon,Anonymous,http://boards.4chan.org/a/thread/256140794/the-idolmster-u149#p256170781
"Aug-17-2023, 18:11:49",Maybe her butt hurts,Anonymous,http://boards.4chan.org/a/thread/256140794/the-idolmster-u149#p256170788
"Aug-17-2023, 18:12:36",Which idol did Risa knock out?,Anonymous,http://boards.4chan.org/a/thread/256140794/the-idolmster-u149#p256170811
"Aug-17-2023, 18:12:48",From what?,Anonymous,http://boards.4chan.org/a/thread/256140794/the-idolmster-u149#p256170818
"Aug-17-2023, 18:13:38",That Randoseru really adds to the fire power of Chie. She's even more alluring and irresistible,Anonymous,http://boards.4chan.org/a/thread/256140794/the-idolmster-u149#p256170842
"Aug-17-2023, 18:14:24",Here is the newest U149 member,Anonymous,http://boards.4chan.org/a/thread/256140794/the-idolmster-u149#p256170858
"Aug-17-2023, 18:14:38","Be honest, if you were alone in her room with Chie, what would you do, bros?",Anonymous,http://boards.4chan.org/a/thread/256140794/the-idolmster-u149#p256170865
"Aug-17-2023, 18:14:51",Why lolicons like those bags so much? they are just bags.,Anonymous,http://boards.4chan.org/a/thread/256140794/the-idolmster-u149#p256170872
"Aug-17-2023, 18:15:20",make her play video games with me,Anonymous,http://boards.4chan.org/a/thread/256140794/the-idolmster-u149#p256170882
"Aug-17-2023, 18:15:50",Is Dook x Rin the ship?,Anonymous,http://boards.4chan.org/a/thread/256140794/the-idolmster-u149#p256170897
"Aug-17-2023, 18:17:03","Hand sewn by master French craftsmen, those things last forever.",Anonymous,http://boards.4chan.org/a/thread/256140794/the-idolmster-u149#p256170931
"Aug-17-2023, 18:17:12",Play doctor.,Anonymous,http://boards.4chan.org/a/thread/256140794/the-idolmster-u149#p256170936
"Aug-17-2023, 18:17:29",Is that Risa's vagina bone?,Anonymous,http://boards.4chan.org/a/thread/256140794/the-idolmster-u149#p256170945
"Aug-17-2023, 18:17:38",Because real grade schoolers in Japan wear them. It makes it obvious to the audience that they're children (which is what lolicons are attracted to). Kumapantsu (bear panties) and sukumizu (school swimsuit) are fetishized for the same reason.,Anonymous,http://boards.4chan.org/a/thread/256140794/the-idolmster-u149#p256170953
"Aug-17-2023, 18:17:58",,Anonymous,http://boards.4chan.org/a/thread/256140794/the-idolmster-u149#p256170963
"Aug-17-2023, 18:18:18",i want to smell those panties so bad...,Anonymous,http://boards.4chan.org/a/thread/256140794/the-idolmster-u149#p256170972
"Aug-17-2023, 18:18:28",>>256170963,Anonymous,http://boards.4chan.org/a/thread/256140794/the-idolmster-u149#p256170977
"Aug-17-2023, 18:22:34",I'm Nig Sachi yes I'm the real Sachi all you other Nig Sachis are just imitating,Anonymous,http://boards.4chan.org/a/thread/256140794/the-idolmster-u149#p256171100
"Aug-17-2023, 18:25:47","Yes.
They're the ultimate ship of @",Anonymous,http://boards.4chan.org/a/thread/256140794/the-idolmster-u149#p256171186
"Aug-17-2023, 18:26:22",Which U149s have used a vibrator?,Anonymous,http://boards.4chan.org/a/thread/256140794/the-idolmster-u149#p256171206
"Aug-17-2023, 18:27:13",Risa and Chie,Anonymous,http://boards.4chan.org/a/thread/256140794/the-idolmster-u149#p256171229
"Aug-17-2023, 18:27:29",That's a BIG girl.,Anonymous,http://boards.4chan.org/a/thread/256140794/the-idolmster-u149#p256171236
"Aug-17-2023, 18:28:13",Only smelling the panties and nothing else?,Anonymous,http://boards.4chan.org/a/thread/256140794/the-idolmster-u149#p256171248
"Aug-17-2023, 18:28:29",For Anzu,Anonymous,http://boards.4chan.org/a/thread/256140794/the-idolmster-u149#p256171257
"Aug-17-2023, 18:28:59",Subtle side boob,Anonymous,http://boards.4chan.org/a/thread/256140794/the-idolmster-u149#p256171270
"Aug-17-2023, 18:29:45",Same reason Westerners make their pornstars wear those vertical rainbow stripe long socks. I guess that's what they wear? I think it's stupid.,Anonymous,http://boards.4chan.org/a/thread/256140794/the-idolmster-u149#p256171292
"Aug-17-2023, 18:30:32",Very based.,Anonymous,http://boards.4chan.org/a/thread/256140794/the-idolmster-u149#p256171317
"Aug-17-2023, 18:31:51",So why is it Karin is always bullied and Sachiko is so smug about it? Karin is bullied almost as much as Riamu.,Anonymous,http://boards.4chan.org/a/thread/256140794/the-idolmster-u149#p256171359
"Aug-17-2023, 18:32:01",More than Haruka and Chihaya?,Anonymous,http://boards.4chan.org/a/thread/256140794/the-idolmster-u149#p256171367
"Aug-17-2023, 18:33:41",Haru uses the pink rotor I bought for her every night before bed.,Anonymous,http://boards.4chan.org/a/thread/256140794/the-idolmster-u149#p256171409
"Aug-17-2023, 18:35:03",we're going to the netherworld today,Anonymous,http://boards.4chan.org/a/thread/256140794/the-idolmster-u149#p256171445
"Aug-17-2023, 18:35:32",Okay them.,Anonymous,http://boards.4chan.org/a/thread/256140794/the-idolmster-u149#p256171452
"Aug-17-2023, 18:35:44",">>256171186
>>256170897
>>256168835
Red and Blue belong to each other.",Anonymous,http://boards.4chan.org/a/thread/256140794/the-idolmster-u149#p256171458
"Aug-17-2023, 18:36:33",I want to play Minecraft with Arisu and the rest of the U149s,Anonymous,http://boards.4chan.org/a/thread/256140794/the-idolmster-u149#p256171477
"Aug-17-2023, 18:36:57",YOU'RE SUCH A,Anonymous,http://boards.4chan.org/a/thread/256140794/the-idolmster-u149#p256171488
"Aug-17-2023, 18:37:38",So Arisu and Momoka also belong to each other?,Anonymous,http://boards.4chan.org/a/thread/256140794/the-idolmster-u149#p256171508
"Aug-17-2023, 18:42:30",miria mo yaru,Anonymous,http://boards.4chan.org/a/thread/256140794/the-idolmster-u149#p256171642
"Aug-17-2023, 18:45:01",now put Nina on top,Anonymous,http://boards.4chan.org/a/thread/256140794/the-idolmster-u149#p256171718
"Aug-17-2023, 18:45:23",Those are hot as fuck,Anonymous,http://boards.4chan.org/a/thread/256140794/the-idolmster-u149#p256171730
"Aug-17-2023, 18:46:55","Yea if you ever seen their official art. They are together. Momoka is the Red to Arisu's Blue. Every idol has to have buddies in the same color group, one buddy from another color, and a trio with three colors.",Anonymous,http://boards.4chan.org/a/thread/256140794/the-idolmster-u149#p256171769
"Aug-17-2023, 18:49:43",because they're very high quality made products,Anonymous,http://boards.4chan.org/a/thread/256140794/the-idolmster-u149#p256171860
"Aug-17-2023, 18:50:44",,Anonymous,http://boards.4chan.org/a/thread/256140794/the-idolmster-u149#p256171889
"Aug-17-2023, 18:52:11",I love these two.,Anonymous,http://boards.4chan.org/a/thread/256140794/the-idolmster-u149#p256171933
"Aug-17-2023, 18:52:49",Is Haru aware of the power she holds over adult men?,Anonymous,http://boards.4chan.org/a/thread/256140794/the-idolmster-u149#p256171955
"Aug-17-2023, 18:54:10",">>256171642
>>256171889
Is there a Kaoru version?",Anonymous,http://boards.4chan.org/a/thread/256140794/the-idolmster-u149#p256171984
"Aug-17-2023, 18:55:10",Grandmother mother and daughter stack?,Anonymous,http://boards.4chan.org/a/thread/256140794/the-idolmster-u149#p256172013
"Aug-17-2023, 18:55:20","I don't think so, unless Risa told her",Anonymous,http://boards.4chan.org/a/thread/256140794/the-idolmster-u149#p256172020
"Aug-17-2023, 18:56:22","Sachiko is a punching bag, quite literally. She is the idol everyone fucks with on a regular basis. Her watching another idol going through her usual suffering gave her a smug sense of satisfaction, like ""welcome to my world, kid"".",Vert,http://boards.4chan.org/a/thread/256140794/the-idolmster-u149#p256172045
"Aug-17-2023, 18:56:57","https://www.planetminecraft.com/skin/ryuzaki-kaoru-the-idolm-ster-cinderella-girls-u149/
not from that user anyway",Anonymous,http://boards.4chan.org/a/thread/256140794/the-idolmster-u149#p256172058
"Aug-17-2023, 18:59:56",If only they knew the many gallons of semen they would produce around the world with their respective doujinshi...,Anonymous,http://boards.4chan.org/a/thread/256140794/the-idolmster-u149#p256172138
"Aug-17-2023, 19:00:41",Is Haru aware of the power she holds over Risa though?,Anonymous,http://boards.4chan.org/a/thread/256140794/the-idolmster-u149#p256172163
"Aug-17-2023, 19:01:48",How many potential lives do you think were lost from their doujins?,Anonymous,http://boards.4chan.org/a/thread/256140794/the-idolmster-u149#p256172199
"Aug-17-2023, 19:03:33",0,Vert,http://boards.4chan.org/a/thread/256140794/the-idolmster-u149#p256172256
"Aug-17-2023, 19:07:49",everyone is a mage,Anonymous,http://boards.4chan.org/a/thread/256140794/the-idolmster-u149#p256172372
"Aug-17-2023, 19:09:00","witch, gnome, demon lord",Anonymous,http://boards.4chan.org/a/thread/256140794/the-idolmster-u149#p256172401
"Aug-17-2023, 19:10:15","witch, succubus, haru is some type of fag, the other two look like melee types",Anonymous,http://boards.4chan.org/a/thread/256140794/the-idolmster-u149#p256172435
"Aug-17-2023, 19:11:17",then whatever these two are,Anonymous,http://boards.4chan.org/a/thread/256140794/the-idolmster-u149#p256172469
"Aug-17-2023, 19:11:47","I don't think so, unless Arisu told her",Anonymous,http://boards.4chan.org/a/thread/256140794/the-idolmster-u149#p256172491
"Aug-17-2023, 19:11:52",Did they cover Koz's tummy from her in game costume?,Anonymous,http://boards.4chan.org/a/thread/256140794/the-idolmster-u149#p256172493
"Aug-17-2023, 19:13:24","yes
the author is ridiculous",Anonymous,http://boards.4chan.org/a/thread/256140794/the-idolmster-u149#p256172548
"Aug-17-2023, 19:14:12","Alright, who did this?",Anonymous,http://boards.4chan.org/a/thread/256140794/the-idolmster-u149#p256172574
"Aug-17-2023, 19:14:44",Momoka and Tomoka,Anonymous,http://boards.4chan.org/a/thread/256140794/the-idolmster-u149#p256172594
"Aug-17-2023, 19:16:43",Is Minecraft still popular with kids? The years are going by so fast and I keep getting older and more out of touch.,Anonymous,http://boards.4chan.org/a/thread/256140794/the-idolmster-u149#p256172651
"Aug-17-2023, 19:17:29",Cute Sunflower skin,Anonymous,http://boards.4chan.org/a/thread/256140794/the-idolmster-u149#p256172682
"Aug-17-2023, 19:21:27","Who would win,

1 Smug or 2 Punching Lolis?",Anonymous,http://boards.4chan.org/a/thread/256140794/the-idolmster-u149#p256172821
"Aug-17-2023, 19:22:44","Kaoru's an active strong girl, and Mary's American, surely they win against smug",Anonymous,http://boards.4chan.org/a/thread/256140794/the-idolmster-u149#p256172860
"Aug-17-2023, 19:24:23",https://pbs.twimg.com/media/F2lIO9faEAAtKbZ.png?name=orig,Anonymous,http://boards.4chan.org/a/thread/256140794/the-idolmster-u149#p256172916
"Aug-17-2023, 19:24:31","Yea because parents make it so. One of those things where you as parent think, ""do I want my kids playing Fortnight where there are weird people, or do I want my kid to play virtual Lego?"". Minecraft has real creativity potential. 

It's the reason Pokemon is still popular, it's easy for parents to get their kids into without having to think about it and it's reliable.",Anonymous,http://boards.4chan.org/a/thread/256140794/the-idolmster-u149#p256172926
"Aug-17-2023, 19:28:06",I would tell Mary and Kaoru to hit as hard as they want. I want to see what kind of suffering Sachiko will go through. Mary and Kaoru would pummel Sachiko into submission. I would tell both of them to punch until they were tired.,Anonymous,http://boards.4chan.org/a/thread/256140794/the-idolmster-u149#p256173042
"Aug-17-2023, 19:28:12",>>256172574,Anonymous,http://boards.4chan.org/a/thread/256140794/the-idolmster-u149#p256173049
"Aug-17-2023, 19:28:29",Literally me on the right,Anonymous,http://boards.4chan.org/a/thread/256140794/the-idolmster-u149#p256173059
"Aug-17-2023, 19:28:55",>>256173059,Anonymous,http://boards.4chan.org/a/thread/256140794/the-idolmster-u149#p256173080
"Aug-17-2023, 19:29:53",you're a cute idol covered in semen?,Anonymous,http://boards.4chan.org/a/thread/256140794/the-idolmster-u149#p256173112
"Aug-17-2023, 19:30:07",Phew bunny Haru got me feeling things. Didn't think she'd be great as a bunny,Anonymous,http://boards.4chan.org/a/thread/256140794/the-idolmster-u149#p256173116
"Aug-17-2023, 19:31:14",>>256173116,Anonymous,http://boards.4chan.org/a/thread/256140794/the-idolmster-u149#p256173158
"Aug-17-2023, 19:34:17",">>256172372
i love witch Arisu and Risa",Anonymous,http://boards.4chan.org/a/thread/256140794/the-idolmster-u149#p256173269
"Aug-17-2023, 19:37:03",Yes,Anonymous,http://boards.4chan.org/a/thread/256140794/the-idolmster-u149#p256173360
"Aug-17-2023, 19:39:45",risky click of the day,Anonymous,http://boards.4chan.org/a/thread/256140794/the-idolmster-u149#p256173440
"Aug-17-2023, 19:40:46",These 3 fill in for 3 of the U149.,Anonymous,http://boards.4chan.org/a/thread/256140794/the-idolmster-u149#p256173468
"Aug-17-2023, 19:42:06",Passion Kyoko,Anonymous,http://boards.4chan.org/a/thread/256140794/the-idolmster-u149#p256173514
"Aug-17-2023, 19:42:48",Chuunitards are mentally 12 so she'd fit right in,Anonymous,http://boards.4chan.org/a/thread/256140794/the-idolmster-u149#p256173538
"Aug-17-2023, 19:43:32",those breast cups are holding on for dear life,Anonymous,http://boards.4chan.org/a/thread/256140794/the-idolmster-u149#p256173569
"Aug-17-2023, 19:48:27","Whenever I want more Ranko but more over the top I just watch this tard. She also came out the same time Ranko did. She is Ranko, but even stupider.",Anonymous,http://boards.4chan.org/a/thread/256140794/the-idolmster-u149#p256173728
"Aug-17-2023, 19:49:19",Fund it.,Vert,http://boards.4chan.org/a/thread/256140794/the-idolmster-u149#p256173765
"Aug-17-2023, 19:56:22",Literally the same character,Anonymous,http://boards.4chan.org/a/thread/256140794/the-idolmster-u149#p256174002
"Aug-17-2023, 19:57:46",Koharu’s big fat princess butt,Anonymous,http://boards.4chan.org/a/thread/256140794/the-idolmster-u149#p256174038
"Aug-17-2023, 19:57:50",I still can't believe Utah spanked her over his knee before he ever even kissed her. What a strange romance that was.,Anonymous,http://boards.4chan.org/a/thread/256140794/the-idolmster-u149#p256174039
"Aug-17-2023, 20:10:16","Ranko, what are you doing with my lolis?",Anonymous,http://boards.4chan.org/a/thread/256140794/the-idolmster-u149#p256174388
"Aug-17-2023, 20:17:11",Drinking in the darkness,Vert,http://boards.4chan.org/a/thread/256140794/the-idolmster-u149#p256174582
"Aug-17-2023, 20:34:09",God look at how classy and elegant Momoka is. Sasuga mama,Anonymous,http://boards.4chan.org/a/thread/256140794/the-idolmster-u149#p256175084
"Aug-17-2023, 20:35:00",I hate people who don't know English.,Anonymous,http://boards.4chan.org/a/thread/256140794/the-idolmster-u149#p256175109
"Aug-17-2023, 20:35:38",I want Koharu to sit on me like she sat on that donut pillow,Anonymous,http://boards.4chan.org/a/thread/256140794/the-idolmster-u149#p256175130
"Aug-17-2023, 20:48:38",Even Sora?,Anonymous,http://boards.4chan.org/a/thread/256140794/the-idolmster-u149#p256175494
"Aug-17-2023, 20:50:05",who?,Anonymous,http://boards.4chan.org/a/thread/256140794/the-idolmster-u149#p256175529
"Aug-17-2023, 20:50:30",Yes I will hatefuck her.,Anonymous,http://boards.4chan.org/a/thread/256140794/the-idolmster-u149#p256175535
"Aug-17-2023, 20:50:31",but Haru has other strengths,Anonymous,http://boards.4chan.org/a/thread/256140794/the-idolmster-u149#p256175536
"Aug-17-2023, 20:52:49",Iguana strength.,Anonymous,http://boards.4chan.org/a/thread/256140794/the-idolmster-u149#p256175599
"Aug-17-2023, 20:55:19",Her tard strength is honestly impressive.,Anonymous,http://boards.4chan.org/a/thread/256140794/the-idolmster-u149#p256175666
"Aug-17-2023, 21:00:05",On my face.,Anonymous,http://boards.4chan.org/a/thread/256140794/the-idolmster-u149#p256175798
"Aug-17-2023, 21:01:56","Unvoiced Passion genki girl who also happens to be in a lot of stuff. 

>>256175535
Maybe, just to keep up with her.",Anonymous,http://boards.4chan.org/a/thread/256140794/the-idolmster-u149#p256175850
"Aug-17-2023, 21:08:38",The one one the right is cute as fuck.,Anonymous,http://boards.4chan.org/a/thread/256140794/the-idolmster-u149#p256176019
"Aug-17-2023, 21:10:24","Sora's a bit... ""different""...",Anonymous,http://boards.4chan.org/a/thread/256140794/the-idolmster-u149#p256176067
"Aug-17-2023, 21:10:26","Cowtits and Jester Layla idol group, make an anime.",Vert,http://boards.4chan.org/a/thread/256140794/the-idolmster-u149#p256176070
"Aug-17-2023, 21:13:06",What kind?,Anonymous,http://boards.4chan.org/a/thread/256140794/the-idolmster-u149#p256176132
"Aug-17-2023, 21:13:20",">>256176070
They are pretty funny. Sora makes things silly.",Anonymous,http://boards.4chan.org/a/thread/256140794/the-idolmster-u149#p256176134
"Aug-17-2023, 21:15:11",>you will never attend a sporting event with 2 genki idols with one word English t-shirts vaguely referencing sports,Vert,http://boards.4chan.org/a/thread/256140794/the-idolmster-u149#p256176170
"Aug-17-2023, 21:15:28",she has a strong kick,Anonymous,http://boards.4chan.org/a/thread/256140794/the-idolmster-u149#p256176178
"Aug-17-2023, 21:18:21",looking at the trailers for the two new idolm@ster anime is sad,Anonymous,http://boards.4chan.org/a/thread/256140794/the-idolmster-u149#p256176241
"Aug-17-2023, 21:25:40","Just imagine how big her bush is.
IMAGINE.",Anonymous,http://boards.4chan.org/a/thread/256140794/the-idolmster-u149#p256176466
"Aug-17-2023, 21:26:47",Do you think Arisu wanted to have sex with Momoka if she could?,Anonymous,http://boards.4chan.org/a/thread/256140794/the-idolmster-u149#p256176494
"Aug-17-2023, 21:29:20",Alice wants adult men! Momoka probably does too.,Vert,http://boards.4chan.org/a/thread/256140794/the-idolmster-u149#p256176560
"Aug-17-2023, 21:29:57",">Racing
>Speed
>Champion 
>Milk
>Kick
>Happy
>Dancing
>1990
>PABX
>Popstar
>Hotdog
>Giggle
>Winner

>>256176019
Here you go",Anonymous,http://boards.4chan.org/a/thread/256140794/the-idolmster-u149#p256176579
"Aug-17-2023, 21:37:33","Don't turn on that gear, all the letters on her shirt will be mixed up.",Vert,http://boards.4chan.org/a/thread/256140794/the-idolmster-u149#p256176771
"Aug-17-2023, 21:40:01",,Anonymous,http://boards.4chan.org/a/thread/256140794/the-idolmster-u149#p256176826
"Aug-17-2023, 21:40:35",Why?,Anonymous,http://boards.4chan.org/a/thread/256140794/the-idolmster-u149#p256176847
"Aug-17-2023, 21:42:01",>>256176826,Vert,http://boards.4chan.org/a/thread/256140794/the-idolmster-u149#p256176890
"Aug-17-2023, 21:42:10",Cute~,Anonymous,http://boards.4chan.org/a/thread/256140794/the-idolmster-u149#p256176895
"Aug-17-2023, 21:42:55",I hate Miku nyaan,Anonymous,http://boards.4chan.org/a/thread/256140794/the-idolmster-u149#p256176914
"Aug-17-2023, 21:43:35",">>256173538
Ranko would be fine.",Anonymous,http://boards.4chan.org/a/thread/256140794/the-idolmster-u149#p256176930
"Aug-17-2023, 21:45:55",That Walking Sex.,Anonymous,http://boards.4chan.org/a/thread/256140794/the-idolmster-u149#p256176991
"Aug-17-2023, 21:46:24",It would make my pp hard.,Anonymous,http://boards.4chan.org/a/thread/256140794/the-idolmster-u149#p256177001
"Aug-17-2023, 21:48:27",>producer walks right into your house the morning after you get drunk,Vert,http://boards.4chan.org/a/thread/256140794/the-idolmster-u149#p256177065
"Aug-17-2023, 21:53:24","Nana-san would never drink, she is too young!",Anonymous,http://boards.4chan.org/a/thread/256140794/the-idolmster-u149#p256177186
"Aug-17-2023, 21:55:58",There's no way Arisu would have any boobs even if she grew up. She'll be flat as a board even in her 20s,Anonymous,http://boards.4chan.org/a/thread/256140794/the-idolmster-u149#p256177247
"Aug-17-2023, 21:57:36",">arisu would never stick a dildo up her ass, she is too young",Anonymous,http://boards.4chan.org/a/thread/256140794/the-idolmster-u149#p256177281
"Aug-17-2023, 22:06:10",I don't mind.,Anonymous,http://boards.4chan.org/a/thread/256140794/the-idolmster-u149#p256177501
"Aug-17-2023, 22:06:34",>Let's Dance,Anonymous,http://boards.4chan.org/a/thread/256140794/the-idolmster-u149#p256177509
"Aug-17-2023, 22:09:31",but which idols have tried that,Anonymous,http://boards.4chan.org/a/thread/256140794/the-idolmster-u149#p256177588
"Aug-17-2023, 22:15:19",looks like shit,Anonymous,http://boards.4chan.org/a/thread/256140794/the-idolmster-u149#p256177756
"Aug-17-2023, 22:15:39",PUT ON YOUR RED SHOES AND DANCE THE BLUES,Anonymous,http://boards.4chan.org/a/thread/256140794/the-idolmster-u149#p256177768
"Aug-17-2023, 22:18:05",I'll watch both.,Anonymous,http://boards.4chan.org/a/thread/256140794/the-idolmster-u149#p256177835
"Aug-17-2023, 22:27:37",My god a boy has never been more sexy in a bunny outfit before,Anonymous,http://boards.4chan.org/a/thread/256140794/the-idolmster-u149#p256178080
"Aug-17-2023, 22:28:37","Ahhhh stop anon, you're making me want a Nina daughter even more now. Stop this pain",Anonymous,http://boards.4chan.org/a/thread/256140794/the-idolmster-u149#p256178112
"Aug-17-2023, 22:28:45",LETS SWAY,Vert,http://boards.4chan.org/a/thread/256140794/the-idolmster-u149#p256178116
"Aug-17-2023, 22:30:41",Me on my way home to my wife Arisu,Anonymous,http://boards.4chan.org/a/thread/256140794/the-idolmster-u149#p256178170
"Aug-17-2023, 22:33:26","It's not the side-effects of the cocaine. I'm thinking that it must be love.
IT'S TOO LATE!",Vert,http://boards.4chan.org/a/thread/256140794/the-idolmster-u149#p256178242
"Aug-17-2023, 22:36:27",,Anonymous,http://boards.4chan.org/a/thread/256140794/the-idolmster-u149#p256178322
"Aug-17-2023, 22:36:28",Wtf Arisu with her hair parted sideways look extra cute and mature,Anonymous,http://boards.4chan.org/a/thread/256140794/the-idolmster-u149#p256178323
"Aug-17-2023, 22:45:04",So cute she's calling out her Momoka when she's scared,Anonymous,http://boards.4chan.org/a/thread/256140794/the-idolmster-u149#p256178531
"Aug-17-2023, 22:49:12",What about this look for arisu?,Anonymous,http://boards.4chan.org/a/thread/256140794/the-idolmster-u149#p256178643
"Aug-17-2023, 22:53:16",is she going to be okay,Anonymous,http://boards.4chan.org/a/thread/256140794/the-idolmster-u149#p256178726
"Aug-17-2023, 22:54:37","she's just a little mindbroken
Don't worry, miria is sort of a healer",Anonymous,http://boards.4chan.org/a/thread/256140794/the-idolmster-u149#p256178750
"Aug-17-2023, 22:57:06",W-what's my healer doing with a gun?,Anonymous,http://boards.4chan.org/a/thread/256140794/the-idolmster-u149#p256178803
"Aug-17-2023, 23:01:14",Absolute CGI trash.,Vert,http://boards.4chan.org/a/thread/256140794/the-idolmster-u149#p256178905
"Aug-17-2023, 23:02:14",I'm not even going to say what.,Vert,http://boards.4chan.org/a/thread/256140794/the-idolmster-u149#p256178923
"Aug-17-2023, 23:03:22",Life is already so tiring. I just want a darling Nina daughter to make it all feel worth it,Anonymous,http://boards.4chan.org/a/thread/256140794/the-idolmster-u149#p256178949
"Aug-17-2023, 23:08:24",miria doesn't wanna heal,Anonymous,http://boards.4chan.org/a/thread/256140794/the-idolmster-u149#p256179079
"Aug-17-2023, 23:27:57",So her healer schtick was a lie? W-what does she want from me?,Anonymous,http://boards.4chan.org/a/thread/256140794/the-idolmster-u149#p256179566
"Aug-17-2023, 23:34:04",Absolutely adorable. Also what happened to Arisu? Did she die from Miria's cuteness?,Anonymous,http://boards.4chan.org/a/thread/256140794/the-idolmster-u149#p256179740
"Aug-17-2023, 23:34:59",I think I'm gonna try to fap to Miria,Anonymous,http://boards.4chan.org/a/thread/256140794/the-idolmster-u149#p256179762
"Aug-17-2023, 23:35:23","Miria executed her


>Miria looooves being an older sister but...
Sometimes thinks a little that it would be nice to have an onee-chan
>Onee-chan?

>making a face that says she doesn't mind being called [onee-chan]
----....

>miria guessed that
>hey...arisu onee-chan",Anonymous,http://boards.4chan.org/a/thread/256140794/the-idolmster-u149#p256179775
"Aug-17-2023, 23:41:19","Thanks anon, understandable reaction, desu. Also Miria being able to read social cues again, sasuga Miria",Anonymous,http://boards.4chan.org/a/thread/256140794/the-idolmster-u149#p256179923
"Aug-17-2023, 23:42:48",How cheap does Scamco have to be to churn out 2 CGI series?,Anonymous,http://boards.4chan.org/a/thread/256140794/the-idolmster-u149#p256179964
"Aug-17-2023, 23:43:06",arisu is too easy to read,Anonymous,http://boards.4chan.org/a/thread/256140794/the-idolmster-u149#p256179970
"Aug-17-2023, 23:45:36",(you),Anonymous,http://boards.4chan.org/a/thread/256140794/the-idolmster-u149#p256180049
"Aug-17-2023, 23:46:42",Cygames Pictures has them 2000% mogged before their shit even airs,Anonymous,http://boards.4chan.org/a/thread/256140794/the-idolmster-u149#p256180070
"Aug-17-2023, 23:47:48",I thought you were limited to talking to yourself on the general,Anonymous,http://boards.4chan.org/a/thread/256140794/the-idolmster-u149#p256180103
"Aug-17-2023, 23:54:02",pretty damn cheap,Anonymous,http://boards.4chan.org/a/thread/256140794/the-idolmster-u149#p256180261
"Aug-17-2023, 23:56:07",">>256180103
Boy those English lessons sure weren't worth the money were they. And of course you don't know what an IP counter is to just CHECK HOW MANY IPS ARE HERE. But you don't know what I'm talking about do you? Because you're new.",Vert,http://boards.4chan.org/a/thread/256140794/the-idolmster-u149#p256180330
"Aug-17-2023, 23:57:41",Guess that's part of Arisu's charm. Makes it easier to tease her too. Also is she smacking Arisu? Their positions look off a little if they're doing that,Anonymous,http://boards.4chan.org/a/thread/256140794/the-idolmster-u149#p256180381
"Aug-18-2023, 00:07:29","What I'm more curious about is why did they pick Shirogumi and Polygon Pictures when Sublimation is currently doing wonders with SideM 3DCGI.
https://www.youtube.com/watch?v=w26cDB7eQNc
https://www.youtube.com/watch?v=rR4PTHsX3v0
I mean, I know the reason. It's more expensive.",Anonymous,http://boards.4chan.org/a/thread/256140794/the-idolmster-u149#p256180612
"Aug-18-2023, 00:15:15",">>256112145
<3",Anonymous,http://boards.4chan.org/a/thread/256140794/the-idolmster-u149#p256180761
"Aug-18-2023, 00:18:06","Can't wait for the Anon subs, very nice excuse to rewatch the show and it's not a Jarman video.",Vert,http://boards.4chan.org/a/thread/256140794/the-idolmster-u149#p256180826
"Aug-18-2023, 00:23:47",,Anonymous,http://boards.4chan.org/a/thread/256140794/the-idolmster-u149#p256180940
"Aug-18-2023, 00:30:31",Do you think Risa wears underwear underneath her yukata?,Anonymous,http://boards.4chan.org/a/thread/256140794/the-idolmster-u149#p256181080
"Aug-18-2023, 00:31:22",something that leaves no panty lines,Anonymous,http://boards.4chan.org/a/thread/256140794/the-idolmster-u149#p256181092
"Aug-18-2023, 00:44:08",">enjo sports
Is this how idols meet producers?",Anonymous,http://boards.4chan.org/a/thread/256140794/the-idolmster-u149#p256181351
"Aug-18-2023, 00:56:53",,Anonymous,http://boards.4chan.org/a/thread/256140794/the-idolmster-u149#p256181605
"Aug-18-2023, 01:06:22",,Anonymous,http://boards.4chan.org/a/thread/256140794/the-idolmster-u149#p256181770
"Aug-18-2023, 01:13:36",I need Haru's sweat in my mouth and on my penis.,Anonymous,http://boards.4chan.org/a/thread/256140794/the-idolmster-u149#p256181904
"Aug-18-2023, 01:26:16",is Risa the new hotness or is she old and busted,Anonymous,http://boards.4chan.org/a/thread/256140794/the-idolmster-u149#p256182124
"Aug-18-2023, 01:27:33",C-cute!,Anonymous,http://boards.4chan.org/a/thread/256140794/the-idolmster-u149#p256182152
"Aug-18-2023, 02:08:34",They were busy.,Anonymous,http://boards.4chan.org/a/thread/256140794/the-idolmster-u149#p256182885
"Aug-18-2023, 02:28:27",I prefer Idolmaster Xenoglossia,Anonymous,http://boards.4chan.org/a/thread/256140794/the-idolmster-u149#p256183177
"Aug-18-2023, 03:00:31",">>256166770
>>256166905
uhhh why didn't you simply say ""no""?
don't tell me...",Anonymous,http://boards.4chan.org/a/thread/256140794/the-idolmster-u149#p256183669
"Aug-18-2023, 03:07:24",ML just had a theatrical release and it was kino good though,Anonymous,http://boards.4chan.org/a/thread/256140794/the-idolmster-u149#p256183779
"Aug-18-2023, 03:58:41",Why is Arisu blushing while eating her strawberry?,Anonymous,http://boards.4chan.org/a/thread/256140794/the-idolmster-u149#p256184460
"Aug-18-2023, 04:35:39",i'm ready for MILLION KINO...,Anonymous,http://boards.4chan.org/a/thread/256140794/the-idolmster-u149#p256184974
"Aug-18-2023, 04:54:46","did they rotoscope another scene with the fatty
fatty fatty fatty
just kidding kana you're okay",Anonymous,http://boards.4chan.org/a/thread/256140794/the-idolmster-u149#p256185222
"Aug-18-2023, 05:05:38",Is this >>256185187 your thread?,Anonymous,http://boards.4chan.org/a/thread/256140794/the-idolmster-u149#p256185390
"Aug-18-2023, 05:34:33",ARISU the DIAPER princess,Anonymous,http://boards.4chan.org/a/thread/256140794/the-idolmster-u149#p256185836
"Aug-18-2023, 05:44:37",Momoka is my daughter-mommy-wife,Anonymous,http://boards.4chan.org/a/thread/256140794/the-idolmster-u149#p256186014
"Aug-18-2023, 06:14:45",I hope it flops.,Vert,http://boards.4chan.org/a/thread/256140794/the-idolmster-u149#p256186537
"Aug-18-2023, 06:19:49",can i be an idol too,Anonymous,http://boards.4chan.org/a/thread/256140794/the-idolmster-u149#p256186621
"Aug-18-2023, 06:25:27",You'll have to ask the Idolm@ster if he agrees.,Anonymous,http://boards.4chan.org/a/thread/256140794/the-idolmster-u149#p256186707
"Aug-18-2023, 06:40:10",Is Im@s doing so poorly they have to resort to this?,Anonymous,http://boards.4chan.org/a/thread/256140794/the-idolmster-u149#p256186959
"Aug-18-2023, 06:43:17",>>256184974,Anonymous,http://boards.4chan.org/a/thread/256140794/the-idolmster-u149#p256187014
"Aug-18-2023, 06:56:02",">quoted post and thread deleted in the same minute
What a miserable asshole.",Anonymous,http://boards.4chan.org/a/thread/256140794/the-idolmster-u149#p256187294
"Aug-18-2023, 07:13:10",">all frontal because if they did a dynamic pose it would look uncanny
Dead on arrival.",Anonymous,http://boards.4chan.org/a/thread/256140794/the-idolmster-u149#p256187645
"Aug-18-2023, 07:17:46",are you my people?,Anonymous,http://boards.4chan.org/a/thread/256140794/the-idolmster-u149#p256187735
"Aug-18-2023, 07:19:20",I'm Nina,Anonymous,http://boards.4chan.org/a/thread/256140794/the-idolmster-u149#p256187783
"Aug-18-2023, 07:40:48",Bern looking bitch,Anonymous,http://boards.4chan.org/a/thread/256140794/the-idolmster-u149#p256188223
"Aug-18-2023, 07:50:44",wtf is this revue starlight ripoff shit?,Anonymous,http://boards.4chan.org/a/thread/256140794/the-idolmster-u149#p256188400
"Aug-18-2023, 07:54:12",yeah my dick into iku,Anonymous,http://boards.4chan.org/a/thread/256140794/the-idolmster-u149#p256188462
"Aug-18-2023, 08:02:46","Dr. Producer, I'm 149",Anonymous,http://boards.4chan.org/a/thread/256140794/the-idolmster-u149#p256188634
"Aug-18-2023, 08:03:53",I was going to say that but I couldn't even remember the name of the show.,Anonymous,http://boards.4chan.org/a/thread/256140794/the-idolmster-u149#p256188664
"Aug-18-2023, 08:16:46",Momoka is the best ToT,Anonymous,http://boards.4chan.org/a/thread/256140794/the-idolmster-u149#p256188959
"Aug-18-2023, 08:19:00",She's quite cute. Another loli to add to my collection,Anonymous,http://boards.4chan.org/a/thread/256140794/the-idolmster-u149#p256189012
"Aug-18-2023, 08:26:45",">>256189012
iku belongs to me actually. has for years. you'll have to find someone else",Anonymous,http://boards.4chan.org/a/thread/256140794/the-idolmster-u149#p256189175
"Aug-18-2023, 08:30:15",Keep toothbrushes away from her.,Vert,http://boards.4chan.org/a/thread/256140794/the-idolmster-u149#p256189254
"Aug-18-2023, 09:06:47",God I wish that was me imagine the fragrance and her soft thighs,Anonymous,http://boards.4chan.org/a/thread/256140794/the-idolmster-u149#p256190093
"Aug-18-2023, 09:09:15",underrated,Anonymous,http://boards.4chan.org/a/thread/256140794/the-idolmster-u149#p256190153
"Aug-18-2023, 09:09:54",my dick can not be floppy if Iku is around,Anonymous,http://boards.4chan.org/a/thread/256140794/the-idolmster-u149#p256190171
"Aug-18-2023, 09:10:28",>>256190093,Anonymous,http://boards.4chan.org/a/thread/256140794/the-idolmster-u149#p256190185
"Aug-18-2023, 09:21:10",Why toothbrushes?,Anonymous,http://boards.4chan.org/a/thread/256140794/the-idolmster-u149#p256190453
"Aug-18-2023, 09:30:22",https://exhentai.org/g/601454/965393ede0/,Vert,http://boards.4chan.org/a/thread/256140794/the-idolmster-u149#p256190678
"Aug-18-2023, 09:31:57",,Anonymous,http://boards.4chan.org/a/thread/256140794/the-idolmster-u149#p256190731
"Aug-18-2023, 09:32:48",Can't access ex from work,Anonymous,http://boards.4chan.org/a/thread/256140794/the-idolmster-u149#p256190752
